Accession,AS1_1,AS1_2,AS1_3,AS1_avg,ASA1_1,ASA1_2,ASA1_3,ASA1_avg,AT4_1,AT4_2,AT4_3,AT4_avg,Pooled_1,Pooled_2,Pooled_3,Pooled_avg,Pooled_second_1,Pooled_second_2,Pooled_second_3,Pooled_second_avg,Pooled_sample_1,Pooled_sample_2,Pooled_sample_3,Pooled_sample_avg,SAS1_1,SAS1_2,SAS1_3,SAS1_avg,SASA1_1,SASA1_2,SASA1_3,SASA1_avg,TS4_1,TS4_2,TS4_3,TS4_avg,TT4_1,TT4_2,TT4_3,TT4_avg,Tn-Seq_Biomass_Flux
PA5015,3236.4,2964.3,3245.9,3148.86666666667,2968.7,3545.2,3895.7,3469.86666666667,4485.2,3856.3,2405.3,3582.26666666667,4366.4,4621.2,2757.7,3915.1,2886.0,3119.2,3216.5,3073.9,3230.2,3742.9,3240.8,3404.63333333333,3226.5,3344.5,3370.2,3313.73333333333,2974.0,1397.4,3155.2,2508.86666666667,4107.3,477.1,4161.6,2915.33333333333,3843.9,3840.7,3759.9,3814.83333333333,44.412831289428325
PA4756,1125.6,1033.5,1183.6,1114.23333333333,1296.1,1651.9,1555.4,1501.13333333333,1211.2,1173.6,890.2,1091.66666666667,1538.9,1302.0,957.3,1266.06666666667,1050.4,1497.8,1782.6,1443.6,1730.8,1705.1,1703.4,1713.1,1833.8,1729.1,1782.2,1781.7,1252.8,1583.3,1154.2,1330.1,1320.1,189.0,1423.2,977.433333333333,1327.6,1373.4,1251.4,1317.46666666667,0.0
PA0782,4154.9,3818.3,4029.3,4000.83333333333,3467.3,2437.7,2158.2,2687.73333333333,2535.0,1441.9,2909.2,2295.36666666667,1908.3,1881.5,3250.2,2346.66666666667,3220.5,2199.1,2489.3,2636.3,2158.9,3002.3,2732.8,2631.33333333333,2442.2,2601.7,2725.1,2589.66666666667,3902.9,4882.3,3213.8,3999.66666666667,1417.7,238.0,1333.2,996.3,1604.0,1604.3,1411.8,1540.03333333333,7.348542099917085
PA1787,2363.5,2290.0,2146.9,2266.8,2168.0,2389.9,2265.5,2274.46666666667,1551.4,2383.8,2453.0,2129.4,2257.1,2431.2,2528.1,2405.46666666667,2481.2,2529.8,2481.1,2497.36666666667,2667.6,2537.7,2656.1,2620.46666666667,2334.7,2409.0,2019.3,2254.33333333333,2218.7,1176.0,2110.6,1835.1,2841.0,501.4,2978.1,2106.83333333333,2954.6,2802.7,3034.7,2930.66666666667,28.121117765683202
PA3014,2034.5,2188.7,2271.6,2164.93333333333,2344.1,2095.2,2244.9,2228.06666666667,2242.0,2181.5,1810.7,2078.06666666667,2813.8,2722.9,1834.2,2456.96666666667,1901.0,2103.9,1990.7,1998.53333333333,2193.7,1945.1,2181.4,2106.73333333333,2276.8,2017.0,1953.7,2082.5,1960.1,958.5,2578.6,1832.4,2472.7,390.7,2754.0,1872.46666666667,2172.2,2531.4,2211.6,2305.06666666667,0.0
PA1156,3074.9,2637.3,2554.6,2755.6,2861.6,2196.7,2227.9,2428.73333333333,3039.0,3301.2,2428.1,2922.76666666667,3977.7,3869.1,2913.2,3586.66666666667,3091.7,2158.4,2206.6,2485.56666666667,1781.5,2225.0,2063.7,2023.4,2283.5,2263.6,2480.9,2342.66666666667,3162.2,2714.3,2828.5,2901.66666666667,4627.0,575.6,4260.0,3154.2,4506.3,4128.3,4688.8,4441.13333333333,1.0998091360316509
PA1770,3237.8,3447.0,3272.6,3319.13333333333,3733.5,1951.2,2083.6,2589.43333333333,2727.9,2303.5,3082.4,2704.6,2137.2,2292.3,3020.8,2483.43333333333,3122.8,1931.0,2190.9,2414.9,1953.5,2148.3,2212.1,2104.63333333333,2216.0,2310.3,2040.5,2188.93333333333,3526.8,681.6,4346.4,2851.6,2117.6,200.6,2015.7,1444.63333333333,1970.0,1918.6,2072.8,1987.13333333333,0.0
PA2624,1288.8,1354.8,1216.3,1286.63333333333,1520.5,1592.7,973.4,1362.2,2127.8,2658.3,1439.9,2075.33333333333,2161.8,2446.3,1342.7,1983.6,1293.6,2030.0,1731.7,1685.1,1594.1,1735.1,1542.1,1623.76666666667,1219.6,1292.9,1389.2,1300.56666666667,1470.1,1462.6,1462.0,1464.9,2413.8,301.0,2503.4,1739.4,2604.1,2545.9,2462.6,2537.53333333333,56.24223553136641
PA5554,1665.9,1663.2,1749.7,1692.93333333333,1460.4,1738.3,1562.8,1587.16666666667,1579.8,1737.4,1666.4,1661.2,2014.0,2105.6,1687.1,1935.56666666667,1772.7,1822.3,1618.6,1737.86666666667,1516.3,1644.8,1644.1,1601.73333333333,1604.2,1665.9,1600.5,1623.53333333333,1620.2,3448.7,1433.0,2167.3,2330.4,317.8,2264.7,1637.63333333333,2670.7,2342.1,2401.8,2471.53333333333,369.8715475466668
PA3987,761.4,854.5,902.5,839.466666666667,844.1,1547.2,1386.1,1259.13333333333,951.2,965.6,822.6,913.133333333333,977.9,990.0,823.5,930.466666666667,818.0,1347.4,1348.4,1171.26666666667,1336.5,1376.0,1394.4,1368.96666666667,1563.3,1522.4,1569.7,1551.8,835.6,563.5,835.3,744.8,1001.0,120.2,1047.7,722.966666666667,1038.1,966.3,1095.4,1033.26666666667,0.0
PA3763,1610.5,1383.1,1781.9,1591.83333333333,1395.1,1230.6,1215.2,1280.3,1781.1,1996.7,1487.1,1754.96666666667,1760.7,2212.6,1484.5,1819.26666666667,1481.4,996.2,1017.4,1165.0,981.6,1057.7,989.8,1009.7,1177.7,1053.8,1158.8,1130.1,1139.1,2222.9,1340.8,1567.6,2080.8,296.2,2220.1,1532.36666666667,1986.3,1911.1,2076.1,1991.16666666667,4.973707812491742
PA4226,431.8,430.6,399.3,420.566666666667,248.8,751.0,718.0,572.6,503.1,438.0,360.4,433.833333333333,449.8,394.1,492.0,445.3,475.5,688.9,654.8,606.4,703.0,695.7,670.3,689.666666666667,772.5,785.0,1030.1,862.533333333333,411.5,717.3,278.7,469.166666666667,420.5,104.9,407.4,310.933333333333,455.1,432.3,446.0,444.466666666667,0.0
PA0519,2134.3,1794.8,2294.9,2074.66666666667,1405.5,2005.1,1696.7,1702.43333333333,1598.8,870.8,1495.6,1321.73333333333,1036.5,917.2,1602.4,1185.36666666667,1564.3,2613.0,2437.7,2205.0,2177.9,3824.8,3400.0,3134.23333333333,2050.7,2076.1,2148.3,2091.7,1116.7,2535.8,1188.6,1613.7,599.9,129.3,536.7,421.966666666667,582.3,908.3,485.6,658.733333333333,0.0
PA2623,2764.6,2873.2,3132.6,2923.46666666667,2338.5,1559.6,1721.2,1873.1,3040.4,3107.5,2978.9,3042.26666666667,2489.4,2915.3,2596.2,2666.96666666667,2704.0,1585.0,1907.5,2065.5,1512.2,1804.6,1920.8,1745.86666666667,1478.2,1570.7,1611.8,1553.56666666667,2228.0,2749.6,2571.4,2516.33333333333,2428.0,406.6,2407.5,1747.36666666667,2505.7,2456.8,2290.7,2417.73333333333,56.24223553136641
PA5171,632.9,603.9,515.2,584.0,652.8,1641.3,1742.3,1345.46666666667,1005.0,860.0,555.6,806.866666666667,1605.5,1514.0,620.5,1246.66666666667,528.4,1254.4,1229.6,1004.13333333333,1219.1,1694.5,1600.6,1504.73333333333,1646.4,1751.9,1550.6,1649.63333333333,662.7,899.2,649.8,737.233333333333,1258.9,235.1,1324.0,939.333333333333,1183.8,1182.3,944.8,1103.63333333333,0.0
PA1585,1775.1,1637.0,1640.1,1684.06666666667,1863.1,921.0,958.5,1247.53333333333,2196.1,2469.1,1559.4,2074.86666666667,2562.3,2986.3,1796.3,2448.3,1667.0,881.1,912.4,1153.5,822.6,897.6,985.7,901.966666666667,839.7,829.5,846.8,838.666666666667,1904.0,492.2,2062.4,1486.2,2760.7,368.9,2910.5,2013.36666666667,2760.1,2526.7,2668.9,2651.9,0.0
PA1588,2758.1,2665.2,2830.4,2751.23333333333,2921.2,2392.7,2955.3,2756.4,3100.6,2403.6,2714.7,2739.63333333333,2610.8,2845.9,2227.7,2561.46666666667,2820.5,2400.0,2519.5,2580.0,2433.9,2510.0,2410.1,2451.33333333333,2559.7,2667.3,2538.6,2588.53333333333,2603.9,2548.7,2695.4,2616.0,2776.3,394.6,2538.1,1903.0,2775.5,2456.9,2399.1,2543.83333333333,9.04991916840629
PA2445,1526.1,1411.9,1650.4,1529.46666666667,1183.6,1086.6,931.8,1067.33333333333,1416.6,1663.1,2186.4,1755.36666666667,1300.7,1453.4,1737.4,1497.16666666667,1534.7,1448.4,1317.9,1433.66666666667,1420.2,806.3,890.4,1038.96666666667,997.6,983.0,1065.6,1015.4,1261.4,2869.0,1137.7,1756.03333333333,1870.2,275.2,1811.8,1319.06666666667,1915.7,1757.1,1785.8,1819.53333333333,6.5607514187273015
PA5016,2185.0,2500.8,2480.4,2388.73333333333,2419.2,1522.4,1901.8,1947.8,2663.4,2363.6,2316.4,2447.8,2751.1,2552.0,2276.0,2526.36666666667,2215.4,1470.5,1510.8,1732.23333333333,1531.1,1511.6,1462.1,1501.6,1413.7,1410.3,1516.9,1446.96666666667,2200.3,443.2,3165.6,1936.36666666667,2373.4,356.8,2324.6,1684.93333333333,2246.4,2284.7,2351.0,2294.03333333333,44.412831289428325
PA5036,835.6,773.6,737.8,782.333333333333,781.4,490.8,428.1,566.766666666667,660.6,884.9,772.1,772.533333333333,774.0,861.7,815.4,817.033333333333,803.6,441.4,410.3,551.766666666667,835.7,639.6,663.0,712.766666666667,355.2,444.1,416.2,405.166666666667,883.2,52.4,901.7,612.433333333333,980.3,121.5,905.0,668.933333333333,1107.9,911.6,1051.8,1023.76666666667,22.228179625264797
PA0432,926.0,899.4,899.8,908.4,921.4,988.3,957.0,955.566666666667,1189.3,1070.6,902.8,1054.23333333333,1532.3,1081.9,932.3,1182.16666666667,973.9,1144.2,1135.2,1084.43333333333,1115.5,1076.8,1191.3,1127.86666666667,1033.1,1063.4,1369.5,1155.33333333333,937.2,124.2,829.3,630.233333333333,1138.1,118.9,1217.8,824.933333333333,1138.2,1406.4,1035.9,1193.5,0.004193796436046156
PA5556,2734.5,2715.6,2531.4,2660.5,2766.2,2076.7,1820.8,2221.23333333333,1889.8,2118.8,2565.8,2191.46666666667,2171.7,1976.5,2742.8,2297.0,2816.8,2003.5,1935.6,2251.96666666667,2021.2,2048.4,2043.2,2037.6,1754.9,1864.5,1983.2,1867.53333333333,3045.6,7430.1,2329.5,4268.4,2390.6,431.5,2295.4,1705.83333333333,2574.6,2226.8,2397.0,2399.46666666667,369.8715475466668
PA4022,558.3,514.5,714.1,595.633333333333,240.0,304.1,257.6,267.233333333333,592.6,936.7,284.1,604.466666666667,393.5,685.6,243.2,440.766666666667,119.8,673.1,619.8,470.9,605.0,670.5,549.9,608.466666666667,216.2,298.1,310.3,274.866666666667,200.3,1194.1,170.2,521.533333333333,470.1,41.0,543.6,351.566666666667,446.1,370.6,355.8,390.833333333333,7.821043165044689
PA0506,1779.3,2123.3,2213.0,2038.53333333333,2217.7,1539.3,1235.7,1664.23333333333,1749.2,1952.6,1497.0,1732.93333333333,3075.2,2675.8,1964.6,2571.86666666667,2404.5,1465.4,1373.0,1747.63333333333,1672.0,1329.7,1417.2,1472.96666666667,1458.8,1372.0,1374.5,1401.76666666667,2032.2,6767.7,1515.4,3438.43333333333,2536.4,241.4,2679.9,1819.23333333333,2450.4,2823.1,2767.9,2680.46666666667,0.0
PA4225,496.8,531.4,526.5,518.233333333333,409.5,373.8,319.5,367.6,78.5,203.9,484.2,255.533333333333,302.3,275.4,532.4,370.033333333333,637.3,487.1,429.5,517.966666666667,471.7,443.4,407.7,440.933333333333,391.0,456.3,531.3,459.533333333333,491.7,74.4,521.6,362.566666666667,278.7,57.1,291.4,209.066666666667,279.7,228.1,293.5,267.1,0.0
PA2642,1252.2,1103.1,1403.6,1252.96666666667,1228.8,450.6,413.5,697.633333333333,1016.1,1169.7,1264.3,1150.03333333333,1104.7,1189.6,1052.0,1115.43333333333,1140.8,493.3,498.0,710.7,358.7,410.8,481.5,417.0,366.8,404.4,345.5,372.233333333333,1066.5,1456.5,1465.8,1329.6,1211.6,158.5,1171.0,847.033333333333,1187.8,1157.3,1207.1,1184.06666666667,80.75119569407249
PA3875,1056.0,1046.0,1131.3,1077.76666666667,746.9,1027.6,1072.9,949.133333333333,231.1,184.9,982.1,466.033333333333,264.4,288.2,860.0,470.866666666667,934.5,1154.5,1085.9,1058.3,1253.5,1402.7,1279.9,1312.03333333333,1329.9,1338.6,1416.5,1361.66666666667,942.1,418.2,946.0,768.766666666667,347.8,51.7,381.9,260.466666666667,179.2,277.2,215.5,223.966666666667,9.999999999998712
PA0548,683.2,846.0,723.3,750.833333333333,789.4,1535.7,1442.5,1255.86666666667,128.9,170.1,715.3,338.1,383.1,267.2,800.7,483.666666666667,777.5,1412.3,1408.0,1199.26666666667,1260.5,1346.7,1424.0,1343.73333333333,1380.8,1472.2,1463.0,1438.66666666667,817.4,102.4,872.1,597.3,205.7,41.2,229.5,158.8,181.3,222.5,261.6,221.8,6.5714121034399176
PA1587,1848.3,1862.8,2079.4,1930.16666666667,1618.3,1880.3,1862.2,1786.93333333333,3529.1,2906.3,1907.2,2780.86666666667,3265.0,3258.6,1960.2,2827.93333333333,1908.1,1790.6,1797.0,1831.9,1550.8,1917.9,1879.7,1782.8,1798.8,1802.8,1833.2,1811.6,1687.9,1411.9,1794.9,1631.56666666667,2874.5,385.5,2959.5,2073.16666666667,3063.2,2931.3,2884.8,2959.76666666667,18.4119533157035
PA1562,2329.3,2601.8,2558.4,2496.5,2424.4,517.2,704.0,1215.2,825.4,664.2,2411.4,1300.33333333333,1040.8,927.1,2672.2,1546.7,2422.8,439.7,451.7,1104.73333333333,371.3,496.6,500.1,456.0,528.7,485.7,494.9,503.1,2459.8,828.2,2664.4,1984.13333333333,754.7,119.1,839.5,571.1,763.3,685.9,816.2,755.133333333333,28.121117765683202
PA1984,0.0,0.0,0.0,0.0,0.0,0.0,0.0,0.0,0.0,0.0,0.0,0.0,0.0,0.0,0.0,0.0,0.0,0.0,0.0,0.0,0.0,0.0,0.0,0.0,0.0,0.0,0.0,0.0,0.0,0.0,0.0,0.0,0.0,0.0,0.0,0.0,0.0,0.0,0.0,0.0,7.821043165044689
PA1155,972.9,890.8,799.1,887.6,1115.7,1142.4,1057.3,1105.13333333333,1037.2,863.0,919.7,939.966666666667,984.0,1001.9,960.8,982.233333333333,1119.5,1149.3,1061.8,1110.2,1077.3,1355.2,1267.9,1233.46666666667,1161.9,1051.9,1140.8,1118.2,1017.3,713.9,1091.2,940.8,831.2,162.8,803.9,599.3,626.1,781.9,585.8,664.6,1.0998091360316509
PA2424,0.0,0.0,0.0,0.0,0.0,1335.4,1335.9,890.433333333333,0.0,0.0,0.0,0.0,0.0,0.0,0.0,0.0,0.0,1207.9,1250.4,819.433333333333,1396.6,1147.1,1188.3,1244.0,1376.2,1234.4,1628.3,1412.96666666667,0.0,0.0,0.0,0.0,0.0,0.0,0.0,0.0,0.0,0.0,0.0,0.0,0.0
PA0482,1218.8,1619.5,1043.4,1293.9,967.0,930.3,929.3,942.2,2068.7,2143.8,1391.8,1868.1,1967.7,1992.4,1441.0,1800.36666666667,1208.8,1056.5,1008.7,1091.33333333333,1150.7,963.7,1102.0,1072.13333333333,893.7,896.8,852.6,881.033333333333,1334.5,2110.5,1080.1,1508.36666666667,1782.3,201.4,1911.4,1298.36666666667,1786.1,2021.5,1784.2,1863.93333333333,0.0
PA3769,1010.0,1035.8,1033.6,1026.46666666667,1011.6,930.1,908.8,950.166666666667,815.3,814.0,985.3,871.533333333333,802.7,927.1,959.6,896.466666666667,978.7,835.0,789.6,867.766666666667,748.5,815.5,822.6,795.533333333333,911.1,838.6,787.4,845.7,1194.7,142.0,1009.2,781.966666666667,743.3,128.4,798.5,556.733333333333,739.4,758.5,829.5,775.8,3.214265381800309
PA0794,642.3,834.4,934.0,803.566666666667,508.9,453.5,464.2,475.533333333333,463.9,534.5,739.6,579.333333333333,598.9,402.3,697.5,566.233333333333,639.0,530.8,517.3,562.366666666667,599.3,561.1,540.2,566.866666666667,416.3,428.3,369.8,404.8,448.8,1311.4,488.7,749.633333333333,531.0,41.7,537.5,370.066666666667,524.1,596.8,478.4,533.1,0.0
PA3139,2240.4,2042.3,2264.8,2182.5,2374.6,1239.8,1178.1,1597.5,437.4,315.5,2189.0,980.633333333333,455.7,371.2,2245.8,1024.23333333333,2308.7,1172.2,1120.4,1533.76666666667,1188.3,1050.9,1032.6,1090.6,1229.0,1234.1,1108.1,1190.4,2405.4,1992.8,2198.2,2198.8,430.8,88.8,413.8,311.133333333333,414.5,393.6,472.9,427.0,3.5033899409209375
PA0887,1232.4,1369.2,1191.2,1264.26666666667,1189.0,631.4,495.6,772.0,499.2,1225.5,1243.2,989.3,993.8,902.1,1386.1,1094.0,1190.9,602.7,679.0,824.2,997.0,666.8,728.1,797.3,718.9,754.3,709.4,727.533333333333,1166.2,1071.6,1151.1,1129.63333333333,1131.9,128.7,1149.3,803.3,1129.8,1065.0,1038.8,1077.86666666667,15.802177725771703
PA5192,2407.7,2433.3,2368.3,2403.1,2123.2,1600.5,1444.8,1722.83333333333,2152.3,1807.1,2275.3,2078.23333333333,1883.7,1839.1,2583.7,2102.16666666667,2604.5,1525.8,1492.5,1874.26666666667,1387.4,1389.6,1416.5,1397.83333333333,1432.6,1410.6,1401.9,1415.03333333333,2437.9,7006.7,1931.2,3791.93333333333,1910.3,289.6,1847.4,1349.1,1945.9,1675.9,2004.4,1875.4,101.72865374541645
PA3770,1229.1,1062.9,1063.2,1118.4,1316.8,826.1,692.1,945.0,1878.6,2008.1,1126.4,1671.03333333333,1908.9,1877.4,1302.4,1696.23333333333,1210.3,763.4,718.6,897.433333333333,761.2,741.2,745.7,749.366666666667,757.3,735.4,719.0,737.233333333333,1193.3,1040.7,1311.3,1181.76666666667,1760.0,237.9,1777.4,1258.43333333333,1769.4,1771.6,1827.7,1789.56666666667,3.214265381800309
PA0266,0.0,0.0,0.0,0.0,0.0,1124.0,1245.8,789.933333333333,1792.0,1418.0,0.0,1070.0,1373.7,1458.8,0.0,944.166666666667,0.0,1097.0,1120.9,739.3,1278.0,1095.4,1036.9,1136.76666666667,1183.1,1081.8,1027.8,1097.56666666667,0.0,0.0,0.0,0.0,1487.4,232.0,1433.3,1050.9,1339.4,1399.2,1565.0,1434.53333333333,0.0
PA1586,1496.5,1598.1,1454.1,1516.23333333333,1240.5,500.6,576.3,772.466666666667,514.4,616.1,1506.1,878.866666666667,760.6,716.0,1386.1,954.233333333333,1378.3,456.5,472.8,769.2,389.6,491.9,480.4,453.966666666667,411.3,417.1,396.5,408.3,1482.0,2214.5,1282.5,1659.66666666667,717.0,157.6,695.0,523.2,765.0,727.2,719.9,737.366666666667,11.851201896976196
PA1583,2277.1,2343.3,2568.4,2396.26666666667,2254.4,1383.3,1646.8,1761.5,2102.7,2367.7,2338.8,2269.73333333333,2337.7,2483.2,2405.5,2408.8,2278.0,1855.4,1829.2,1987.53333333333,1834.6,1579.2,1597.3,1670.36666666667,1497.3,1611.1,1396.3,1501.56666666667,2315.0,2071.0,2288.7,2224.9,2607.7,405.6,2584.0,1865.76666666667,2723.7,2511.8,2540.2,2591.9,4.802049908627017
PA4329,1018.5,920.9,972.7,970.7,849.9,1032.2,1047.3,976.466666666667,1412.3,1166.2,1091.4,1223.3,1041.3,1070.5,939.8,1017.2,874.0,1127.9,1091.3,1031.06666666667,933.4,1014.3,1019.8,989.166666666667,965.1,891.5,1061.7,972.766666666667,985.6,542.4,1145.2,891.066666666667,1019.3,120.3,974.6,704.733333333333,1071.5,1028.4,1058.9,1052.93333333333,194.89976070634665
PA5046,1696.8,1713.6,1378.3,1596.23333333333,1861.0,590.7,658.3,1036.66666666667,1353.5,1471.9,1713.4,1512.93333333333,1341.3,1455.1,1904.3,1566.9,1950.1,549.4,645.8,1048.43333333333,714.0,251.5,612.5,526.0,746.9,733.6,676.5,719.0,1817.7,1374.9,2043.0,1745.2,1401.8,216.4,1362.5,993.566666666667,1400.7,1374.2,1411.8,1395.56666666667,168.58616026400284
PA3159,254.7,203.8,100.8,186.433333333333,240.4,750.9,750.4,580.566666666667,2043.3,1920.0,257.5,1406.93333333333,1443.1,1541.9,212.3,1065.76666666667,259.1,657.6,691.3,536.0,773.9,582.0,670.1,675.333333333333,760.7,740.5,658.8,720.0,234.9,636.4,266.8,379.366666666667,1594.4,192.0,1424.4,1070.26666666667,1534.5,1559.8,1646.8,1580.36666666667,0.0
PA3299,97.8,151.3,140.0,129.7,110.5,867.7,816.6,598.266666666667,351.0,540.2,72.0,321.066666666667,776.8,637.1,116.5,510.133333333333,211.7,925.5,926.1,687.766666666667,692.3,867.5,868.8,809.533333333333,918.6,957.8,796.4,890.933333333333,133.7,261.9,114.6,170.066666666667,664.5,108.1,733.4,502.0,616.2,893.1,750.5,753.266666666667,0.0
PA3637,1260.9,1386.3,1422.9,1356.7,1356.9,697.3,721.6,925.266666666667,1744.1,1765.2,1388.6,1632.63333333333,1726.0,1707.0,1390.0,1607.66666666667,1376.2,628.8,623.1,876.033333333333,562.2,624.2,623.3,603.233333333333,672.3,646.8,672.0,663.7,1330.8,3114.0,1109.1,1851.3,1794.1,209.9,1714.5,1239.5,1891.8,1760.9,1913.7,1855.46666666667,3.2613756950985615
PA2634,2653.1,2949.7,2705.0,2769.26666666667,2500.7,596.6,607.6,1234.96666666667,1844.4,2528.4,3130.3,2501.03333333333,2080.7,2369.2,2929.8,2459.9,2718.8,647.7,774.5,1380.33333333333,767.5,594.4,790.6,717.5,618.7,725.0,614.7,652.8,2722.0,6538.6,2193.9,3818.16666666667,2180.7,28735.3,2331.5,11082.5,2423.9,2270.1,2577.8,2423.93333333333,0.0
PA0865,819.7,657.0,708.9,728.533333333333,500.6,1275.1,1046.6,940.766666666667,717.8,984.8,563.3,755.3,1016.8,959.2,781.3,919.1,866.9,1910.8,1895.8,1557.83333333333,2141.8,1449.3,1489.1,1693.4,855.4,1129.9,1065.5,1016.93333333333,538.8,2686.1,404.1,1209.66666666667,1427.7,190.8,1164.8,927.766666666667,1122.7,1189.9,1232.7,1181.76666666667,0.0
PA4694,1186.3,1150.7,1106.6,1147.86666666667,1061.8,1325.0,1415.9,1267.56666666667,1190.6,1143.6,1099.9,1144.7,868.2,1002.0,1114.9,995.033333333333,1276.9,1006.8,1158.3,1147.33333333333,1036.4,1073.8,1183.4,1097.86666666667,1148.4,1281.6,1088.3,1172.76666666667,924.4,1374.6,1070.9,1123.3,855.8,141.6,800.1,599.166666666667,772.5,883.3,899.8,851.866666666667,0.5245320995777463
PA0895,0.0,0.0,0.0,0.0,0.0,595.2,565.2,386.8,0.0,0.0,0.0,0.0,0.0,0.0,0.0,0.0,0.0,646.2,635.8,427.333333333333,490.2,641.2,675.5,602.3,514.7,621.2,559.7,565.2,0.0,0.0,0.0,0.0,0.0,0.0,0.0,0.0,0.0,0.0,0.0,0.0,8.058444234787638
PA5051,227.9,271.3,151.8,217.0,232.4,1040.1,1158.0,810.166666666667,477.2,366.4,218.5,354.033333333333,656.0,536.6,278.6,490.4,249.3,797.0,781.1,609.133333333333,816.1,762.2,716.7,765.0,1103.6,949.1,864.3,972.333333333333,245.2,1145.0,270.3,553.5,519.0,52.4,500.6,357.333333333333,491.4,528.8,480.1,500.1,0.0
PA5322,554.2,455.2,474.7,494.7,481.9,719.8,777.1,659.6,568.1,446.2,581.3,531.866666666667,488.0,412.1,496.3,465.466666666667,485.4,675.0,721.3,627.233333333333,892.4,746.2,803.8,814.133333333333,715.4,814.0,784.3,771.233333333333,456.8,12.5,506.4,325.233333333333,406.7,55.0,407.5,289.733333333333,476.8,452.5,384.7,438.0,0.0003494830360746201
PA0668,2173.5,1826.6,1876.7,1958.93333333333,2227.9,413.8,402.7,1014.8,878.1,1053.0,1872.5,1267.86666666667,1248.1,889.2,1977.6,1371.63333333333,2108.6,383.6,371.2,954.466666666667,614.7,557.1,370.7,514.166666666667,413.3,349.0,377.2,379.833333333333,2229.1,1795.3,2245.0,2089.8,949.8,213.9,990.5,718.066666666667,953.5,1404.6,840.4,1066.16666666667,0.0
PA3001,1863.5,1683.9,1556.0,1701.13333333333,1976.0,1379.9,1307.7,1554.53333333333,2124.3,2195.0,1605.3,1974.86666666667,2139.6,2282.6,1778.4,2066.86666666667,1702.7,1481.7,1545.2,1576.53333333333,1374.9,1464.0,1341.4,1393.43333333333,1452.1,1493.6,1512.6,1486.1,2050.6,1256.2,1967.8,1758.2,2348.5,329.7,2182.0,1620.06666666667,2476.6,2423.5,2624.6,2508.23333333333,0.0
PA4854,1397.0,1417.2,1155.7,1323.3,1657.9,563.6,497.0,906.166666666667,1747.2,1483.1,1317.7,1516.0,1502.9,1551.6,1521.6,1525.36666666667,1603.0,407.3,481.1,830.466666666667,493.9,424.6,403.6,440.7,487.4,516.3,435.7,479.8,1781.3,513.0,1566.7,1287.0,1625.9,276.4,1568.7,1157.0,1756.9,1604.3,1562.3,1641.16666666667,9.947415624983485
PA0265,502.5,415.2,505.0,474.233333333333,786.1,668.4,760.1,738.2,188.2,524.8,546.2,419.733333333333,438.3,435.9,568.4,480.866666666667,556.1,611.3,641.7,603.033333333333,580.2,584.7,548.0,570.966666666667,625.5,601.3,543.7,590.166666666667,653.7,349.5,784.1,595.766666666667,464.4,171.5,514.0,383.3,432.6,455.6,515.4,467.866666666667,0.0013979321453488137
PA1074,1111.7,924.3,844.4,960.133333333333,792.1,710.1,594.8,699.0,1048.8,1290.3,806.9,1048.66666666667,1303.9,1067.4,1024.9,1132.06666666667,1027.2,909.1,970.3,968.866666666667,864.7,807.6,807.9,826.733333333334,508.4,572.4,513.9,531.566666666667,780.2,2647.5,684.5,1370.73333333333,1711.6,247.0,1504.6,1154.4,1434.6,1336.8,1491.1,1420.83333333333,0.0
PA2744,1782.0,1435.5,1572.1,1596.53333333333,1833.7,950.7,923.0,1235.8,674.2,724.7,1393.5,930.8,1086.2,832.5,1670.9,1196.53333333333,1898.9,870.7,816.9,1195.5,738.2,865.1,765.2,789.5,925.2,772.6,898.9,865.566666666667,1847.2,5049.3,1647.4,2847.96666666667,920.8,129.8,890.9,647.166666666667,873.1,768.0,806.5,815.866666666667,0.0
PA3190,495.1,595.2,705.0,598.433333333333,608.8,1020.2,854.3,827.766666666667,312.6,1012.4,462.8,595.933333333333,938.9,1051.5,370.3,786.9,426.1,1871.4,1756.0,1351.16666666667,2263.4,1271.6,1510.4,1681.8,958.9,1107.3,1067.9,1044.7,572.6,72.6,714.6,453.266666666667,1468.4,152.7,1355.2,992.1,1281.8,914.6,1418.9,1205.1,10.0
PA5373,444.0,475.2,333.0,417.4,658.4,1107.1,1438.2,1067.9,910.1,865.6,532.2,769.3,1192.3,1046.7,478.7,905.9,557.0,900.2,948.3,801.833333333333,1006.8,726.7,944.0,892.5,1046.8,934.0,984.2,988.333333333333,595.7,77.2,897.5,523.466666666667,945.4,142.5,1022.1,703.333333333333,1045.2,1075.7,959.5,1026.8,0.0
PA4236,2128.9,2260.0,2402.0,2263.63333333333,1496.6,705.1,680.3,960.666666666667,1718.7,1350.0,1698.0,1588.9,1896.9,1663.8,1984.1,1848.26666666667,1823.9,1023.7,945.4,1264.33333333333,1049.6,1148.3,1222.0,1139.96666666667,647.0,635.9,755.7,679.533333333333,1716.5,1902.7,1609.2,1742.8,1538.0,187.0,1828.0,1184.33333333333,1544.1,1953.7,1217.8,1571.86666666667,0.0
PA4670,130.8,184.7,154.2,156.566666666667,149.9,817.3,788.0,585.066666666667,919.9,974.3,157.0,683.733333333333,816.0,941.9,147.4,635.1,227.3,732.8,750.2,570.1,780.0,819.8,741.2,780.333333333333,808.9,785.5,617.3,737.233333333333,201.1,39.2,196.4,145.566666666667,1001.5,168.8,990.7,720.333333333333,942.4,949.9,983.5,958.6,9.855720223014528
PA5549,848.2,785.3,871.2,834.9,2393.2,1018.3,1014.1,1475.2,585.1,527.4,866.7,659.733333333333,670.8,721.4,958.1,783.433333333333,827.7,1037.5,1018.9,961.366666666667,1050.2,990.2,1033.5,1024.63333333333,987.7,936.5,988.7,970.966666666667,953.9,362.7,957.6,758.066666666667,701.2,107.6,672.4,493.733333333333,625.2,612.7,715.6,651.166666666667,2.205657338931208
PA5312,616.8,561.1,624.3,600.733333333333,581.3,571.3,678.7,610.433333333333,330.0,323.0,467.3,373.433333333333,445.7,331.4,546.8,441.3,694.5,541.4,573.0,602.966666666667,628.8,569.6,497.9,565.433333333333,483.2,442.6,505.2,477.0,565.4,1302.5,486.6,784.833333333333,418.5,44.7,408.6,290.6,337.9,419.3,389.1,382.1,7.821043165044689
PA3482,1490.2,1112.0,1337.1,1313.1,1411.7,901.1,821.8,1044.86666666667,977.8,964.1,1335.5,1092.46666666667,1035.9,838.0,1252.3,1042.06666666667,1347.2,760.0,756.6,954.6,737.5,791.8,744.8,758.033333333333,799.5,780.8,769.8,783.366666666667,1372.7,858.7,1590.5,1273.96666666667,1048.3,203.5,1028.4,760.066666666667,1069.0,1088.6,988.2,1048.6,0.0
PA5435,680.7,598.7,602.1,627.166666666667,582.5,1104.4,1016.8,901.233333333333,804.6,1012.6,523.2,780.133333333333,1333.5,1187.7,605.4,1042.2,637.2,1042.0,1021.9,900.366666666667,1077.2,782.7,930.0,929.966666666667,883.6,892.2,896.9,890.9,726.2,881.8,550.9,719.633333333333,1168.4,186.5,1181.8,845.566666666667,1199.7,1354.3,1265.2,1273.06666666667,0.0
PA1342,903.8,872.7,915.6,897.366666666667,830.0,1067.5,892.1,929.866666666667,1016.4,964.8,1010.4,997.2,882.5,980.0,821.4,894.633333333333,797.0,961.6,1039.7,932.766666666667,779.3,917.4,879.0,858.566666666667,895.3,839.5,1064.0,932.933333333333,883.0,1868.3,707.1,1152.8,920.3,152.0,879.1,650.466666666667,946.0,926.8,914.1,928.966666666667,0.0
PA0552,1701.7,1785.4,1756.4,1747.83333333333,1857.8,1097.9,1083.0,1346.23333333333,1068.3,936.1,1788.7,1264.36666666667,948.4,774.0,1688.7,1137.03333333333,1732.8,1023.4,1008.5,1254.9,1027.7,875.4,1009.4,970.833333333333,984.5,990.2,999.3,991.333333333333,1844.3,214.3,1977.7,1345.43333333333,862.9,29461.5,858.0,10394.1333333333,920.2,897.3,964.5,927.333333333333,6.07726686248016
PA4938,527.4,606.5,639.7,591.2,552.0,511.8,467.8,510.533333333333,980.8,891.1,583.1,818.333333333333,930.8,954.3,598.1,827.733333333333,593.1,510.4,492.6,532.033333333333,458.8,454.7,427.4,446.966666666667,451.0,458.3,415.5,441.6,553.7,895.6,567.5,672.266666666667,974.4,156.5,857.0,662.633333333333,985.3,994.0,1033.2,1004.16666666667,1.7594424306914336
PA5172,740.4,668.0,620.5,676.3,895.4,1679.1,1776.4,1450.3,912.2,836.1,587.5,778.6,1211.5,1348.5,755.6,1105.2,684.0,1123.7,1192.6,1000.1,715.6,1383.1,1124.9,1074.53333333333,1556.9,1466.5,1125.3,1382.9,894.1,414.6,736.5,681.733333333333,1129.1,111.6,1143.2,794.633333333333,966.2,1015.3,996.6,992.7,29.50837682182969
PA5119,1509.8,1498.8,1740.8,1583.13333333333,1747.5,1962.9,1882.0,1864.13333333333,850.2,842.1,1537.3,1076.53333333333,929.6,748.7,1503.4,1060.56666666667,1720.4,1797.1,1819.3,1778.93333333333,1759.1,1696.2,1740.5,1731.93333333333,1859.6,1864.8,1602.0,1775.46666666667,1535.0,1859.6,1567.6,1654.06666666667,915.6,206.2,997.7,706.5,929.8,918.4,862.0,903.4,0.0
PA4602,1210.8,1207.5,1068.4,1162.23333333333,1070.3,1143.0,1142.6,1118.63333333333,560.4,713.6,1206.5,826.833333333333,899.1,795.7,1219.9,971.566666666667,1248.0,1296.1,1278.8,1274.3,1118.8,1234.3,1165.3,1172.8,1161.7,1151.2,1073.1,1128.66666666667,1263.3,2139.0,937.1,1446.46666666667,907.5,149.4,1003.3,686.733333333333,962.6,964.8,942.9,956.766666666667,1.8807211913304167
PA1589,1966.7,1854.7,1738.0,1853.13333333333,1918.4,920.5,981.6,1273.5,1648.6,1298.3,1893.2,1613.36666666667,1188.0,1279.7,1867.5,1445.06666666667,1969.0,787.3,851.1,1202.46666666667,864.8,831.2,751.3,815.766666666667,855.6,859.3,801.1,838.666666666667,2213.1,197.6,2230.2,1546.96666666667,1357.2,170.1,1248.3,925.2,1333.6,1293.4,1175.3,1267.43333333333,9.04991916840629
PA2639,1082.0,1037.3,1331.0,1150.1,1293.5,1089.8,1124.3,1169.2,1495.0,1500.3,1092.6,1362.63333333333,1387.5,1545.1,1005.5,1312.7,1044.7,1058.8,1201.0,1101.5,1032.5,1103.4,1112.2,1082.7,1167.7,1163.2,1044.3,1125.06666666667,1025.0,617.2,1284.0,975.4,1543.3,324.4,1518.5,1128.73333333333,1431.3,1257.4,1460.7,1383.13333333333,80.75119569407249
PA4333,209.1,275.1,248.1,244.1,217.6,487.1,476.6,393.766666666667,708.1,781.7,313.2,601.0,710.9,778.5,264.2,584.533333333333,206.1,481.7,422.3,370.033333333333,407.1,419.6,416.4,414.366666666667,458.1,436.4,358.1,417.533333333333,220.9,10.1,213.7,148.233333333333,681.5,87.1,650.3,472.966666666667,745.2,670.2,635.3,683.566666666667,0.0
PA4996,398.0,367.0,445.4,403.466666666667,447.1,780.7,770.4,666.066666666667,357.0,364.0,363.7,361.566666666667,365.4,338.2,417.1,373.566666666667,438.1,702.6,728.2,622.966666666667,637.1,668.0,725.7,676.933333333333,722.5,666.7,753.2,714.133333333333,462.8,31.4,425.1,306.433333333333,386.6,60.5,431.6,292.9,372.7,347.6,462.7,394.333333333333,0.0
PA4448,272.1,243.0,344.4,286.5,306.1,669.6,1063.1,679.6,129.0,245.4,317.0,230.466666666667,254.3,266.2,276.1,265.533333333333,324.6,1013.6,997.8,778.666666666667,932.3,1012.5,977.4,974.066666666667,1122.2,1046.7,1123.7,1097.53333333333,257.6,26.3,318.9,200.933333333333,266.0,80.5,302.2,216.233333333333,212.3,247.7,220.8,226.933333333333,0.0
PA3134,691.1,548.3,543.4,594.266666666667,688.4,1423.6,1491.4,1201.13333333333,539.6,503.2,686.2,576.333333333333,639.1,555.3,665.3,619.9,639.6,1218.2,1328.9,1062.23333333333,1447.4,1340.7,1260.7,1349.6,1425.2,1369.4,1392.7,1395.76666666667,746.1,79.2,919.0,581.433333333333,561.4,97.0,621.1,426.5,545.6,549.5,562.1,552.4,0.011183457162789751
PA5131,2001.1,2130.5,2054.1,2061.9,1981.3,1430.5,1322.4,1578.06666666667,1499.1,1640.5,1927.7,1689.1,1718.2,1712.0,1932.3,1787.5,2078.4,1466.6,1293.3,1612.76666666667,1359.0,1347.3,1315.9,1340.73333333333,1417.7,1324.0,1361.8,1367.83333333333,1996.9,4072.1,1729.1,2599.36666666667,1623.2,279.1,1743.8,1215.36666666667,1733.6,1789.1,1747.6,1756.76666666667,6.077266862480159
PA2641,1074.4,1068.4,1270.1,1137.63333333333,875.8,602.0,579.2,685.666666666667,1012.6,1073.7,980.5,1022.26666666667,1317.8,1461.2,1011.6,1263.53333333333,1101.1,680.1,607.7,796.3,548.4,702.7,540.9,597.333333333333,823.2,645.8,614.7,694.566666666667,859.2,131.1,918.1,636.133333333333,1224.4,139.1,1331.5,898.333333333333,1217.8,1355.0,1232.2,1268.33333333333,80.75119569407249
PA3635,712.6,708.2,783.0,734.6,960.3,523.1,763.8,749.066666666667,540.1,698.3,752.1,663.5,613.0,682.6,705.6,667.066666666667,667.1,881.5,803.7,784.1,755.8,888.3,776.0,806.7,859.1,753.6,829.5,814.066666666667,735.6,801.7,758.1,765.133333333333,690.1,156.2,668.7,505.0,643.4,611.5,724.6,659.833333333333,6.077266862480159
PA0870,1107.7,912.2,961.7,993.866666666667,703.4,418.6,368.8,496.933333333333,723.3,767.4,961.5,817.4,662.0,819.0,956.7,812.566666666667,946.0,514.6,480.1,646.9,638.2,592.5,598.0,609.566666666667,383.1,433.6,437.0,417.9,858.4,424.9,846.3,709.866666666667,841.8,137.9,794.9,591.533333333333,686.4,844.9,798.3,776.533333333333,3.5033899409209375
PA3735,648.7,675.3,541.2,621.733333333333,595.8,701.4,828.5,708.566666666667,786.3,782.4,783.8,784.166666666667,934.2,943.3,512.7,796.733333333333,664.1,902.7,948.6,838.466666666667,758.7,896.2,857.9,837.6,753.4,816.0,805.6,791.666666666667,680.1,1256.5,625.8,854.133333333333,1070.7,210.9,1122.5,801.366666666667,1033.0,993.4,1084.6,1037.0,0.0
PA3392,688.8,445.6,276.4,470.266666666667,362.3,486.7,417.1,422.033333333333,0.0,0.0,276.2,92.0666666666667,0.0,0.0,502.8,167.6,405.2,740.8,630.3,592.1,447.8,956.3,861.3,755.133333333333,509.5,489.2,595.1,531.266666666667,672.8,2286.3,342.9,1100.66666666667,0.0,0.0,0.0,0.0,0.0,0.0,0.0,0.0,0.0
PA2323,1835.6,1879.3,1998.8,1904.56666666667,1709.3,442.2,377.4,842.966666666667,922.0,801.7,1913.6,1212.43333333333,889.7,884.5,1865.5,1213.23333333333,1762.4,446.0,415.9,874.766666666667,426.6,480.6,472.4,459.866666666667,381.3,378.9,390.0,383.4,1635.3,1572.5,1796.9,1668.23333333333,807.2,115.3,752.9,558.466666666667,787.6,851.9,841.2,826.9,0.0
PA0299,1662.2,1661.4,1482.0,1601.86666666667,1694.0,479.6,607.7,927.1,851.7,890.8,1448.2,1063.56666666667,944.0,943.5,1754.0,1213.83333333333,1814.7,466.0,525.0,935.233333333333,403.7,504.2,516.1,474.666666666667,691.5,655.6,511.8,619.633333333333,1816.7,1754.9,1627.0,1732.86666666667,960.5,137.3,966.8,688.2,970.5,1128.6,753.3,950.8,0.0
PA2629,1053.8,1027.5,1190.7,1090.66666666667,1358.5,957.5,883.6,1066.53333333333,624.2,910.4,1164.8,899.8,758.4,725.9,1127.7,870.666666666667,1080.0,872.7,856.8,936.5,858.9,827.2,793.5,826.533333333333,1051.6,829.9,879.8,920.433333333333,1020.2,2385.2,1070.0,1491.8,836.0,147.1,803.0,595.366666666667,767.5,835.6,856.2,819.766666666667,6.733150243183176
PA0447,487.0,436.7,460.2,461.3,349.2,643.9,584.3,525.8,788.7,895.6,375.2,686.5,502.5,528.3,413.8,481.533333333333,482.0,820.5,738.0,680.166666666667,1046.0,661.8,828.2,845.333333333333,577.0,593.3,627.5,599.266666666667,363.7,737.0,374.8,491.833333333333,634.5,83.2,628.2,448.633333333333,523.8,586.2,421.8,510.6,1.448141660359279
PA4973,404.7,410.7,414.5,409.966666666667,461.8,638.2,793.4,631.133333333333,205.5,223.1,394.6,274.4,449.8,250.8,421.2,373.933333333333,402.4,796.0,779.9,659.433333333333,972.7,1074.0,925.6,990.766666666667,834.5,827.7,848.9,837.033333333333,434.1,291.1,483.0,402.733333333333,329.5,82.5,351.6,254.533333333333,241.5,395.9,324.9,320.766666666667,0.0
PA2402,0.0,0.0,0.0,0.0,0.0,1002.9,945.0,649.3,0.0,0.0,0.0,0.0,0.0,0.0,0.0,0.0,0.0,987.3,940.3,642.533333333333,931.3,879.3,846.7,885.766666666667,1068.1,1024.3,1197.8,1096.73333333333,0.0,0.0,0.0,0.0,0.0,0.0,0.0,0.0,0.0,0.0,0.0,0.0,0.0
PA0904,1108.3,1171.1,982.1,1087.16666666667,1128.7,1031.6,982.9,1047.73333333333,1147.8,1119.5,1290.3,1185.86666666667,947.1,1039.7,1208.6,1065.13333333333,1228.0,933.4,892.8,1018.06666666667,887.9,805.2,871.0,854.7,1035.2,956.2,895.5,962.3,1249.1,136.5,1177.7,854.433333333333,963.3,114.8,938.6,672.233333333333,1080.6,999.8,1086.8,1055.73333333333,0.7460344480082507
PA3013,763.3,720.1,726.9,736.766666666667,928.4,1157.3,1072.8,1052.83333333333,1107.5,834.5,432.1,791.366666666667,1138.5,1229.9,562.8,977.066666666667,726.1,1281.3,1110.8,1039.4,1341.4,1217.2,1191.0,1249.86666666667,1197.6,1148.1,1026.4,1124.03333333333,853.1,99.5,796.4,583.0,887.5,126.6,910.5,641.533333333333,697.0,541.2,688.9,642.366666666667,0.0
PA0609,734.1,869.7,815.1,806.3,983.0,462.2,493.4,646.2,1593.0,966.9,1225.4,1261.76666666667,53.3,336.4,813.3,401.0,709.1,576.6,555.4,613.7,460.0,407.8,457.0,441.6,389.1,454.8,425.1,423.0,825.7,855.9,873.1,851.566666666667,190.1,69.3,102.2,120.533333333333,142.2,125.5,234.1,167.266666666667,0.0
PA4855,530.7,571.7,507.2,536.533333333333,497.2,328.8,326.8,384.266666666667,724.1,561.5,506.0,597.2,762.3,743.4,591.5,699.066666666667,599.0,314.0,278.3,397.1,291.4,221.9,315.8,276.366666666667,296.7,345.9,287.3,309.966666666667,557.6,525.5,576.6,553.233333333333,659.5,156.4,655.1,490.333333333333,717.0,720.4,623.1,686.833333333333,4.973707812491742
PA4439,399.7,291.2,359.3,350.066666666667,322.6,413.1,505.7,413.8,599.5,609.0,401.5,536.666666666667,683.0,636.3,330.4,549.9,364.1,378.0,431.6,391.233333333333,383.9,443.9,437.8,421.866666666667,521.4,446.2,479.3,482.3,381.1,65.9,429.3,292.1,629.8,97.1,641.5,456.133333333333,684.7,569.4,671.7,641.933333333333,0.0
PA0888,638.4,688.2,874.1,733.566666666667,801.0,568.6,525.8,631.8,548.1,555.3,880.1,661.166666666667,347.3,465.6,650.4,487.766666666667,604.7,628.0,591.0,607.9,880.4,936.6,945.5,920.833333333333,561.7,878.3,826.0,755.333333333333,747.3,625.9,743.5,705.566666666667,420.1,53.4,481.1,318.2,444.6,451.9,325.2,407.233333333333,0.0
PA0555,894.3,931.5,787.2,871.0,910.6,422.0,446.2,592.933333333333,417.5,1154.5,1005.2,859.066666666667,869.5,908.6,944.9,907.666666666667,962.5,430.1,400.9,597.833333333333,604.2,777.6,737.6,706.466666666667,445.1,631.9,797.9,624.966666666667,901.5,703.8,916.5,840.6,1006.3,199.9,1142.5,782.9,1048.4,930.1,1087.3,1021.93333333333,0.0
PA1580,270.8,302.6,306.2,293.2,408.2,949.5,833.6,730.433333333333,252.7,174.1,219.8,215.533333333333,102.3,270.5,290.3,221.033333333333,352.3,960.6,898.3,737.066666666667,1014.3,793.0,778.4,861.9,795.3,782.7,725.1,767.7,349.1,50.0,385.0,261.366666666667,235.3,26.2,227.5,163.0,254.6,260.0,179.8,231.466666666667,28.121117765683245
PA4007,1403.3,1525.3,1565.5,1498.03333333333,1161.4,1156.4,940.8,1086.2,222.1,151.3,1424.6,599.333333333333,221.1,179.5,1517.5,639.366666666667,1533.4,1218.8,1075.3,1275.83333333333,1182.1,1232.8,1112.3,1175.73333333333,1186.1,1059.0,1040.8,1095.3,1357.1,1358.1,1249.8,1321.66666666667,170.5,13.7,194.2,126.133333333333,190.3,173.9,170.7,178.3,0.0
PA1609,219.3,210.7,229.3,219.766666666667,200.7,72.5,77.1,116.766666666667,280.9,261.5,222.2,254.866666666667,362.5,328.9,211.3,300.9,213.2,58.0,67.9,113.033333333333,113.1,83.3,71.6,89.3333333333333,75.4,89.2,50.8,71.8,212.0,54.0,219.2,161.733333333333,309.5,67.3,324.4,233.733333333333,275.1,325.3,264.6,288.333333333333,54.67416518678195
PA0316,636.0,500.8,608.8,581.866666666667,656.5,316.7,343.0,438.733333333333,782.8,899.8,535.9,739.5,770.1,846.0,618.6,744.9,681.9,337.8,384.0,467.9,322.4,307.6,332.8,320.933333333333,338.7,345.2,330.2,338.033333333333,588.9,78.9,588.3,418.7,890.6,154.3,841.2,628.7,914.8,1002.3,769.8,895.633333333333,0.0
PA4771,2429.7,2356.2,2285.1,2357.0,2450.5,1710.2,1547.4,1902.7,1711.3,1353.0,2132.6,1732.3,1623.3,1679.7,2330.4,1877.8,2391.2,1542.7,1497.5,1810.46666666667,1736.0,1417.0,1409.3,1520.76666666667,1522.0,1423.7,1279.5,1408.4,2361.8,3054.8,2543.5,2653.36666666667,1507.5,167.6,1402.9,1026.0,1546.4,1680.3,1343.4,1523.36666666667,0.0
PA4848,1315.2,1338.6,1408.6,1354.13333333333,1289.1,1321.3,1161.7,1257.36666666667,991.0,852.8,1298.0,1047.26666666667,888.1,783.1,1314.2,995.133333333333,1334.7,1306.0,1248.4,1296.36666666667,1181.7,1177.3,1148.1,1169.03333333333,1147.1,1147.5,1129.9,1141.5,1264.2,3522.5,1237.5,2008.06666666667,917.0,139.7,895.0,650.566666666667,1021.3,980.0,784.4,928.566666666667,115.71744894294092
PA2250,586.3,531.4,390.5,502.733333333333,558.5,880.8,870.1,769.8,307.8,406.1,616.9,443.6,325.9,319.5,508.2,384.533333333333,569.5,973.4,944.3,829.066666666667,924.9,859.2,865.4,883.166666666667,1044.0,858.3,895.0,932.433333333333,617.0,402.6,522.6,514.066666666667,392.0,24.6,379.6,265.4,457.5,337.9,420.4,405.266666666667,6.5607514187273015
PA3471,540.2,665.9,581.0,595.7,576.0,324.5,315.6,405.366666666667,665.1,706.3,700.0,690.466666666667,498.4,557.0,648.1,567.833333333333,528.8,361.3,392.7,427.6,351.0,344.9,355.0,350.3,274.6,323.1,324.4,307.366666666667,532.0,1193.0,760.3,828.433333333333,498.8,100.1,505.5,368.133333333333,509.6,557.0,499.6,522.066666666667,168.58616026400284
PA3802,1078.4,853.9,941.7,958.0,1066.3,369.1,333.7,589.7,657.8,559.6,942.9,720.1,681.1,596.9,1046.7,774.9,1092.4,448.7,444.5,661.866666666667,426.2,375.1,336.8,379.366666666667,323.5,342.3,349.7,338.5,1076.0,937.8,1031.0,1014.93333333333,655.3,163.8,603.8,474.3,737.9,630.0,745.2,704.366666666667,0.0
PA3148,540.4,701.3,485.8,575.833333333333,622.5,828.7,1033.5,828.233333333333,452.5,331.3,686.3,490.033333333333,401.2,385.1,710.8,499.033333333333,593.1,660.1,731.7,661.633333333333,628.5,659.2,656.3,648.0,817.7,761.9,731.0,770.2,616.0,216.9,828.0,553.633333333333,382.5,81.5,368.6,277.533333333333,365.2,352.1,428.5,381.933333333333,0.0
PA1584,1189.1,1470.8,1110.4,1256.76666666667,1135.0,1236.1,1138.1,1169.73333333333,1202.2,1523.7,1194.8,1306.9,1764.5,1577.4,1277.2,1539.7,1226.1,1200.5,1166.6,1197.73333333333,932.0,1119.6,1183.5,1078.36666666667,1163.3,987.7,950.0,1033.66666666667,1341.5,1230.1,1208.8,1260.13333333333,2038.9,211.2,2039.8,1429.96666666667,1921.9,1909.0,1813.1,1881.33333333333,4.802049908627017
PA5167,1927.6,1855.8,1743.3,1842.23333333333,1424.1,742.9,507.8,891.6,989.9,1028.9,1660.0,1226.26666666667,1215.2,1119.5,1687.9,1340.86666666667,1637.0,1005.4,969.5,1203.96666666667,696.7,974.1,871.6,847.466666666667,467.7,579.2,590.5,545.8,1526.1,4797.2,1171.3,2498.2,1539.1,119.6,1358.5,1005.73333333333,1113.1,1346.2,1581.8,1347.03333333333,117.44368779465688
PA0835,367.9,368.7,280.4,339.0,341.7,548.1,470.5,453.433333333333,276.7,356.8,331.2,321.566666666667,299.0,333.0,362.5,331.5,341.1,544.9,515.1,467.033333333333,474.6,489.2,517.8,493.866666666667,495.1,500.5,533.4,509.666666666667,432.7,391.6,330.2,384.833333333333,366.5,50.3,379.8,265.533333333333,303.9,410.4,285.8,333.366666666667,0.0
PA2001,906.5,912.2,796.8,871.833333333333,903.9,512.5,471.5,629.3,1130.9,1207.6,878.1,1072.2,1128.3,1287.9,809.8,1075.33333333333,935.2,614.6,555.9,701.9,595.9,482.0,507.3,528.4,449.7,476.3,411.2,445.733333333333,933.7,2109.8,718.2,1253.9,1253.5,126.1,1201.3,860.3,1323.1,1188.6,1513.3,1341.66666666667,0.0
PA2991,1073.1,987.4,1062.0,1040.83333333333,927.1,911.1,901.1,913.1,1194.9,1369.8,1156.6,1240.43333333333,1183.2,1336.8,1019.9,1179.96666666667,1052.6,762.1,759.7,858.133333333333,763.1,839.1,813.2,805.133333333333,850.3,973.4,892.8,905.5,1009.5,1021.9,1098.0,1043.13333333333,1258.9,222.8,1296.2,925.966666666667,1293.4,1260.1,1176.7,1243.4,258.0932425353588
PA4640,770.6,617.4,769.3,719.1,982.2,1348.1,1273.0,1201.1,780.5,1068.8,572.5,807.266666666667,1003.7,1276.8,650.2,976.9,657.3,1316.7,1378.6,1117.53333333333,1243.7,1129.4,1287.5,1220.2,1227.0,1318.6,1183.6,1243.06666666667,829.6,966.0,1001.5,932.366666666667,1214.0,123.2,1206.2,847.8,970.1,1215.1,1038.8,1074.66666666667,0.0
PA4402,945.8,838.5,894.7,893.0,728.8,579.5,560.8,623.033333333333,657.1,503.1,821.0,660.4,317.6,410.5,871.0,533.033333333333,754.3,570.9,548.0,624.4,599.0,614.4,539.1,584.166666666667,587.8,528.0,528.5,548.1,658.9,75.0,584.5,439.466666666667,419.1,62.7,380.2,287.333333333333,474.9,334.6,403.9,404.466666666667,15.406986334704724
PA3874,622.5,594.6,666.5,627.866666666667,531.7,777.6,778.5,695.933333333333,219.3,298.3,479.5,332.366666666667,239.0,231.9,486.3,319.066666666667,526.2,879.7,824.3,743.4,705.0,1071.3,898.8,891.7,1074.0,965.8,1106.2,1048.66666666667,461.2,1544.2,481.4,828.933333333333,187.2,48.6,231.6,155.8,223.1,175.0,177.7,191.933333333333,9.999999999998712
PA3108,537.9,371.5,390.4,433.266666666667,740.7,742.8,737.3,740.266666666667,710.6,645.8,392.8,583.066666666667,818.8,888.5,540.3,749.2,549.4,821.3,793.7,721.466666666667,741.2,793.5,809.0,781.233333333333,806.9,691.9,901.3,800.033333333333,641.4,60.7,695.9,466.0,850.5,157.1,834.5,614.033333333333,782.9,842.2,834.6,819.9,4.973707812491742
PA3803,637.3,539.0,470.1,548.8,506.6,93.6,108.3,236.166666666667,215.8,184.4,588.0,329.4,215.4,173.9,633.3,340.866666666667,611.4,122.5,119.6,284.5,68.0,93.7,90.4,84.0333333333333,130.6,123.8,115.1,123.166666666667,591.3,354.9,653.2,533.133333333333,180.3,38.7,186.2,135.066666666667,187.4,185.3,208.6,193.766666666667,0.012581389308138471
PA3313,1331.7,1288.7,1299.3,1306.56666666667,1143.0,1045.1,1272.2,1153.43333333333,1341.2,1089.1,1353.3,1261.2,946.4,1056.9,1222.6,1075.3,1267.4,1193.9,1382.3,1281.2,1247.6,1129.2,1271.3,1216.03333333333,1315.0,1302.4,1314.8,1310.73333333333,1264.6,1853.0,1230.5,1449.36666666667,984.0,163.3,965.1,704.133333333333,752.1,921.2,886.4,853.233333333334,0.0
PA3792,475.2,540.8,500.9,505.633333333333,509.6,796.1,754.7,686.8,204.3,293.2,470.7,322.733333333333,175.6,186.5,462.8,274.966666666667,551.6,744.6,709.2,668.466666666667,633.9,637.3,705.4,658.866666666667,714.2,720.4,696.5,710.366666666667,494.4,48.7,604.3,382.466666666667,274.0,46.5,294.3,204.933333333333,312.9,217.6,254.0,261.5,0.0
PA4450,356.4,399.6,385.5,380.5,436.9,674.8,593.3,568.333333333333,1323.0,1229.6,394.4,982.333333333333,1288.8,1596.0,427.1,1103.96666666667,421.6,652.5,602.7,558.933333333333,598.1,623.8,499.9,573.933333333333,596.4,575.9,599.0,590.433333333333,382.6,54.9,407.1,281.533333333333,1411.8,179.6,1427.0,1006.13333333333,1460.8,1445.4,1469.4,1458.53333333333,0.7460344480082506
PA5258,213.2,269.4,284.5,255.7,287.0,884.1,904.7,691.933333333333,548.2,496.3,222.7,422.4,465.4,511.9,295.0,424.1,310.4,932.4,941.4,728.066666666667,777.2,927.5,924.2,876.3,865.2,907.8,871.9,881.633333333333,242.4,520.9,290.8,351.366666666667,415.5,65.0,453.1,311.2,468.9,472.2,513.1,484.733333333333,0.0
PA4687,949.5,945.1,1043.8,979.466666666667,1047.1,945.9,806.3,933.1,539.4,402.3,934.3,625.333333333333,701.3,544.3,998.2,747.933333333333,932.6,1020.0,717.6,890.066666666667,788.9,982.8,807.5,859.733333333333,1054.2,766.6,980.6,933.8,957.4,495.9,920.3,791.2,521.2,84.7,552.1,386.0,487.6,509.4,465.6,487.533333333333,0.0
PA5173,1158.7,1072.5,1145.0,1125.4,1011.9,454.6,511.8,659.433333333333,870.0,743.8,1067.1,893.633333333333,1324.1,1014.8,1139.3,1159.4,1132.0,335.1,354.4,607.166666666667,452.5,481.5,381.9,438.633333333333,432.6,436.3,389.2,419.366666666667,1091.5,1501.0,1028.2,1206.9,931.3,159.9,969.4,686.866666666667,770.5,941.5,820.4,844.133333333333,34.390389232352476
PA2796,421.0,326.7,228.3,325.333333333333,336.5,682.4,743.2,587.366666666667,922.4,971.3,422.6,772.1,564.6,836.0,361.0,587.2,344.3,637.6,652.1,544.666666666667,622.0,642.2,682.2,648.8,598.0,643.1,671.3,637.466666666667,364.2,675.7,387.0,475.633333333333,650.2,107.9,685.2,481.1,699.1,690.4,668.3,685.933333333333,3.28430811957461
PA3525,1687.1,1382.8,1497.4,1522.43333333333,1606.1,784.6,790.4,1060.36666666667,1144.6,1126.7,1483.3,1251.53333333333,926.5,944.5,1511.7,1127.56666666667,1562.6,741.9,711.2,1005.23333333333,957.4,887.3,858.3,901.0,877.7,783.2,789.4,816.766666666667,1727.3,2271.7,1219.0,1739.33333333333,994.2,134.1,939.4,689.233333333333,1152.9,1016.0,1169.6,1112.83333333333,29.50837682182969
PA5555,889.0,844.7,841.1,858.266666666667,787.5,995.6,899.1,894.066666666667,296.6,448.1,825.2,523.3,349.1,370.0,835.1,518.066666666667,912.1,989.3,975.9,959.1,941.2,967.9,853.7,920.933333333333,898.8,950.1,870.7,906.533333333333,875.9,105.4,772.9,584.733333333333,441.8,126.3,392.3,320.133333333333,476.5,396.0,471.0,447.833333333333,369.8715475466668
PA0934,1059.7,1110.5,1074.9,1081.7,1041.7,1139.9,1173.7,1118.43333333333,661.9,574.2,1028.3,754.8,731.9,624.5,984.5,780.3,1082.1,1144.9,1147.0,1124.66666666667,1241.8,1205.6,1140.9,1196.1,1139.9,1147.7,1142.5,1143.36666666667,1057.0,669.6,1039.4,922.0,636.7,61.8,639.2,445.9,628.2,738.0,566.1,644.1,0.0
PA3639,681.6,661.8,578.3,640.566666666667,692.2,862.1,883.4,812.566666666667,764.0,744.7,686.3,731.666666666667,698.7,773.5,731.5,734.566666666667,797.9,988.7,931.0,905.866666666667,1183.7,1041.0,1005.0,1076.56666666667,1021.8,973.9,936.2,977.3,686.9,208.2,747.7,547.6,756.1,166.8,773.3,565.4,767.0,756.2,783.3,768.833333333333,57.85872447147045
PA0795,240.0,165.2,281.5,228.9,166.6,382.1,350.4,299.7,735.8,1223.0,234.7,731.166666666667,744.0,894.0,125.7,587.9,155.1,350.3,435.1,313.5,635.4,606.9,635.1,625.8,317.0,403.6,305.6,342.066666666667,104.3,20.7,199.1,108.033333333333,946.9,156.7,875.2,659.6,942.2,821.2,798.5,853.966666666667,51.019032428022854
PA2009,293.3,354.0,361.9,336.4,350.3,179.3,133.7,221.1,120.0,349.2,388.3,285.833333333333,295.2,374.0,328.2,332.466666666667,423.8,245.1,215.0,294.633333333333,204.8,210.6,204.4,206.6,124.8,153.4,159.8,146.0,278.9,57.2,370.4,235.5,358.3,96.5,386.4,280.4,335.8,261.3,344.6,313.9,0.0
PA4406,1819.3,1755.0,1657.3,1743.86666666667,1959.5,1261.5,1381.5,1534.16666666667,807.0,687.1,1670.5,1054.86666666667,1022.5,986.8,1828.2,1279.16666666667,1858.7,1075.9,1256.1,1396.9,1181.3,997.4,1131.4,1103.36666666667,1209.5,1291.1,1109.9,1203.5,1886.8,376.4,1845.7,1369.63333333333,953.0,103.1,891.5,649.2,1069.3,1057.9,1004.3,1043.83333333333,0.713588442914707
PA2442,671.8,929.2,815.6,805.533333333333,793.5,257.6,194.5,415.2,592.7,760.4,1134.2,829.1,509.7,578.9,901.3,663.3,856.3,487.0,424.0,589.1,508.9,202.4,251.8,321.033333333333,243.4,287.6,290.2,273.733333333333,748.7,717.2,790.8,752.233333333333,737.5,140.6,713.0,530.366666666667,760.9,714.2,919.4,798.166666666667,6.5607514187273015
PA3092,290.6,331.5,388.9,337.0,314.4,0.0,0.0,104.8,428.6,336.7,433.5,399.6,430.8,521.5,293.2,415.166666666667,273.2,0.0,0.0,91.0666666666667,0.0,0.0,0.0,0.0,0.0,0.0,0.0,0.0,259.8,1506.8,243.5,670.033333333333,390.5,80.1,403.4,291.333333333333,433.6,334.1,397.9,388.533333333333,0.0
PA5263,1018.5,981.7,1137.4,1045.86666666667,862.9,947.4,880.5,896.933333333333,274.2,360.3,943.3,525.933333333333,245.2,278.7,977.8,500.566666666667,1008.2,856.3,880.6,915.033333333333,766.5,867.3,902.5,845.433333333333,827.7,850.2,813.4,830.433333333333,861.2,107.3,773.2,580.566666666667,315.5,27.7,414.8,252.666666666667,372.4,271.3,363.6,335.766666666667,29.50837682182969
PA5427,926.3,798.1,879.0,867.8,1027.5,707.3,850.4,861.733333333333,356.2,868.5,860.2,694.966666666667,802.6,861.9,1017.0,893.833333333333,933.1,441.4,535.1,636.533333333333,467.1,491.5,480.4,479.666666666667,821.4,694.9,649.3,721.866666666667,886.6,1281.4,1028.7,1065.56666666667,697.7,129.1,1044.2,623.666666666667,728.0,617.4,648.2,664.533333333333,0.0
PA4696,358.3,391.1,441.0,396.8,417.3,627.4,647.3,564.0,328.0,513.3,341.8,394.366666666667,545.6,640.2,402.5,529.433333333333,349.9,544.0,665.4,519.766666666667,535.7,598.1,617.9,583.9,511.7,681.3,510.8,567.933333333333,477.5,75.7,490.2,347.8,589.7,62.0,677.4,443.033333333333,571.7,591.8,554.5,572.666666666667,0.5245320995777463
PA4519,136.5,212.5,129.4,159.466666666667,164.2,773.1,678.9,538.733333333333,853.4,677.8,172.5,567.9,733.0,722.1,180.4,545.166666666667,217.2,716.9,704.0,546.033333333333,956.8,834.4,832.2,874.466666666667,668.6,771.4,820.2,753.4,209.6,53.8,162.1,141.833333333333,808.6,79.9,906.9,598.466666666667,866.0,788.3,1017.8,890.7,7.960524601688281
PA3686,1308.1,1332.0,1500.2,1380.1,1175.0,865.2,812.4,950.866666666667,2122.5,1669.5,1396.7,1729.56666666667,1382.4,1600.4,1300.0,1427.6,1337.6,860.9,890.8,1029.76666666667,715.0,757.5,830.3,767.6,648.3,693.4,801.0,714.233333333333,1256.7,1135.4,974.8,1122.3,1501.9,212.4,1444.3,1052.86666666667,1675.7,1671.8,1861.5,1736.33333333333,166.6136504834056
PA2709,1400.4,1484.9,1340.6,1408.63333333333,1420.6,635.1,735.3,930.333333333333,769.5,692.7,1429.5,963.9,634.9,656.8,1512.1,934.6,1265.7,636.3,566.0,822.666666666667,536.0,638.8,580.9,585.233333333333,677.8,626.8,600.2,634.933333333333,1352.9,303.1,1530.2,1062.06666666667,822.2,82.9,847.2,584.1,867.9,723.6,803.6,798.366666666667,0.0
PA0546,621.7,659.0,495.0,591.9,795.6,965.3,1070.3,943.733333333333,842.6,667.0,641.1,716.9,798.2,761.8,702.8,754.266666666667,728.5,900.2,880.3,836.333333333333,961.6,945.0,844.3,916.966666666667,987.6,1079.5,957.3,1008.13333333333,788.0,126.7,903.7,606.133333333333,719.7,82.5,683.3,495.166666666667,797.2,764.8,751.0,771.0,0.11989169334082939
PA4054,364.9,280.2,365.7,336.933333333333,381.9,545.2,565.0,497.366666666667,650.1,566.8,360.9,525.933333333333,576.5,591.1,355.7,507.766666666667,368.8,539.2,762.1,556.7,748.1,747.2,740.9,745.4,799.5,738.7,665.1,734.433333333333,370.8,311.0,469.5,383.766666666667,563.8,120.3,640.9,441.666666666667,659.8,571.5,516.5,582.6,0.0
PA4920,1584.8,1753.4,1638.8,1659.0,1663.1,893.2,985.6,1180.63333333333,1427.8,978.8,1570.3,1325.63333333333,1081.7,1175.8,1652.7,1303.4,1643.6,691.6,783.8,1039.66666666667,595.4,677.7,735.4,669.5,780.7,835.9,693.8,770.133333333333,1780.1,2679.5,1475.1,1978.23333333333,995.1,136.6,1008.6,713.433333333333,1049.8,953.0,1049.0,1017.26666666667,8.882732022446411e-14
PA1013,377.5,355.0,472.3,401.6,404.9,414.9,356.4,392.066666666667,1310.0,1166.5,437.5,971.333333333333,1254.2,1012.1,443.7,903.333333333333,455.7,461.8,409.5,442.333333333333,377.0,478.2,434.2,429.8,384.1,372.4,419.4,391.966666666667,334.4,353.7,400.4,362.833333333333,1233.2,198.7,1125.0,852.3,1320.0,1212.5,1268.7,1267.06666666667,4.973707812491742
PA2386,0.0,0.0,0.0,0.0,0.0,746.9,571.5,439.466666666667,160.2,154.7,0.0,104.966666666667,122.8,198.1,0.0,106.966666666667,0.0,795.2,769.9,521.7,1006.3,693.9,638.9,779.7,707.7,772.8,1861.4,1113.96666666667,0.0,0.0,0.0,0.0,160.5,16.5,154.3,110.433333333333,151.2,147.5,230.0,176.233333333333,0.0
PA1010,1958.0,1906.0,1746.9,1870.3,1873.4,616.5,643.0,1044.3,846.1,704.8,1827.7,1126.2,757.8,761.0,1935.4,1151.4,1972.1,629.6,589.6,1063.76666666667,545.4,618.4,579.7,581.166666666667,628.8,568.9,586.2,594.633333333333,2035.0,458.8,1860.1,1451.3,660.8,145.7,633.7,480.066666666667,662.4,633.7,738.0,678.033333333333,0.7460344480082507
PA1750,175.3,198.7,130.1,168.033333333333,128.9,613.6,623.1,455.2,145.1,232.8,187.0,188.3,140.5,228.5,156.0,175.0,189.0,626.8,680.6,498.8,648.4,741.6,724.3,704.766666666667,708.7,596.6,688.3,664.533333333333,170.3,34.2,152.5,119.0,188.5,39.4,203.7,143.866666666667,239.0,258.4,112.8,203.4,0.002795864290697532
PA5436,201.9,158.4,223.9,194.733333333333,146.9,758.3,744.0,549.733333333333,593.4,660.0,160.5,471.3,872.3,841.8,170.2,628.1,176.7,661.8,710.9,516.466666666667,739.9,617.5,617.9,658.433333333333,687.2,615.8,614.8,639.266666666667,143.0,12.7,173.0,109.566666666667,814.4,122.8,838.6,591.933333333333,749.2,872.4,737.1,786.233333333333,0.0
PA0402,441.5,538.2,543.4,507.7,436.4,751.2,723.8,637.133333333333,335.9,363.8,468.0,389.233333333333,235.7,288.2,434.7,319.533333333333,512.2,726.2,831.4,689.933333333333,755.2,652.2,793.4,733.6,727.2,789.6,762.4,759.733333333334,446.2,282.0,473.9,400.7,290.7,59.4,265.7,205.266666666667,293.7,243.7,260.8,266.066666666667,4.882012410522785
PA2247,393.3,398.5,449.5,413.766666666667,312.4,531.0,471.1,438.166666666667,495.5,599.1,441.7,512.1,520.9,540.9,372.8,478.2,328.9,783.8,610.3,574.333333333333,681.1,782.9,581.0,681.666666666667,520.0,481.1,494.3,498.466666666667,280.5,348.1,296.6,308.4,496.5,35.2,508.8,346.833333333333,533.2,478.8,524.4,512.133333333333,11.851201896976196
PA3977,857.6,841.9,1000.9,900.133333333333,775.8,1118.9,1037.7,977.466666666667,249.9,415.6,731.2,465.566666666667,408.7,414.6,700.1,507.8,683.5,1058.9,1078.9,940.433333333333,956.5,1016.3,1068.8,1013.86666666667,1122.1,1089.1,1007.0,1072.73333333333,739.5,778.6,898.1,805.4,434.5,113.7,406.3,318.166666666667,396.6,436.2,412.4,415.066666666667,0.011183457162789748
PA5304,1102.6,1136.3,1202.4,1147.1,922.9,660.3,697.7,760.3,622.4,485.3,997.5,701.733333333333,526.9,573.9,979.3,693.366666666667,935.8,746.2,784.3,822.1,686.7,806.0,819.3,770.666666666667,566.9,604.8,612.4,594.7,952.8,1001.1,935.8,963.233333333333,508.9,87.4,489.9,362.066666666667,556.3,545.3,484.8,528.8,0.0
PA0650,132.0,131.7,143.1,135.6,116.7,172.6,150.4,146.566666666667,2218.5,1485.3,501.3,1401.7,229.0,413.8,133.9,258.9,21.1,278.8,255.4,185.1,157.8,199.3,184.7,180.6,159.7,158.5,172.5,163.566666666667,104.4,656.0,101.1,287.166666666667,312.0,41.2,195.9,183.033333333333,268.2,315.7,311.3,298.4,0.0
PA0036,441.7,393.4,419.2,418.1,299.5,222.0,209.5,243.666666666667,495.5,559.0,422.0,492.166666666667,390.2,565.2,429.1,461.5,323.2,207.7,190.8,240.566666666667,176.7,203.0,209.8,196.5,154.6,165.9,191.2,170.566666666667,393.2,48.2,270.7,237.366666666667,512.6,53.1,497.3,354.333333333333,527.5,473.1,510.9,503.833333333333,0.0
PA0399,208.0,214.7,179.3,200.666666666667,145.3,82.6,78.1,102.0,111.4,180.9,220.1,170.8,317.2,92.9,183.6,197.9,254.6,120.4,91.5,155.5,166.4,115.6,137.8,139.933333333333,102.2,107.0,91.1,100.1,207.9,27.1,269.2,168.066666666667,114.7,37.2,142.0,97.9666666666667,39.5,362.0,13.5,138.333333333333,0.5245320995777463
PA1546,566.2,601.4,663.1,610.233333333333,594.0,289.7,301.7,395.133333333333,601.4,548.3,610.2,586.633333333333,538.5,556.6,584.9,560.0,651.9,270.4,240.3,387.533333333333,257.9,265.2,298.4,273.833333333333,315.3,290.5,314.4,306.733333333333,556.0,349.5,596.4,500.633333333333,555.9,136.8,576.1,422.933333333333,477.9,555.9,400.1,477.966666666667,0.0
PA5277,1023.5,847.8,984.0,951.766666666667,847.1,598.6,635.3,693.666666666667,544.8,627.6,914.3,695.566666666667,608.1,619.8,970.6,732.833333333333,936.6,539.8,562.0,679.466666666667,495.3,492.2,555.6,514.366666666667,569.2,543.5,583.0,565.233333333333,897.0,1212.7,815.8,975.166666666667,632.9,56.4,689.0,459.433333333333,596.2,485.7,706.9,596.266666666667,0.0
PA4429,540.5,678.3,750.3,656.366666666667,496.5,423.8,574.0,498.1,638.8,554.6,706.8,633.4,423.9,533.3,618.8,525.333333333333,536.1,585.6,641.9,587.866666666667,550.8,592.1,713.0,618.633333333333,405.7,454.7,439.9,433.433333333333,430.0,1536.9,422.0,796.3,492.2,125.0,477.6,364.933333333333,251.7,551.2,418.2,407.033333333333,75.63320810459658
PA2008,648.4,727.1,675.6,683.7,473.0,197.0,147.1,272.366666666667,972.3,1194.8,720.1,962.4,741.0,785.7,676.0,734.233333333333,599.2,298.9,270.7,389.6,306.4,257.3,283.7,282.466666666667,130.4,159.1,144.7,144.733333333333,604.8,1461.1,375.6,813.833333333333,1075.4,183.5,969.1,742.666666666667,1116.5,1133.4,1043.5,1097.8,0.0
PA5076,372.5,441.7,400.6,404.933333333333,388.0,481.2,538.6,469.266666666667,161.7,673.2,499.8,444.9,472.8,590.4,463.3,508.833333333333,360.9,687.9,632.9,560.566666666667,568.5,581.4,555.5,568.466666666667,528.9,515.3,588.4,544.2,505.7,64.7,441.5,337.3,629.6,65.8,706.4,467.266666666667,525.4,532.0,747.3,601.566666666667,0.0
PA0796,1056.2,1044.0,864.7,988.3,852.6,433.1,405.9,563.866666666667,453.4,630.3,1068.1,717.266666666667,470.7,477.6,995.0,647.766666666667,990.2,546.4,511.9,682.833333333333,534.1,438.3,446.1,472.833333333333,390.7,418.9,345.4,385.0,892.3,491.9,891.6,758.6,540.6,123.1,510.0,391.233333333333,571.8,542.4,608.9,574.366666666667,0.0
PA0296,821.2,952.5,902.6,892.1,827.2,326.2,365.0,506.133333333333,515.1,913.2,958.4,795.566666666667,650.9,860.5,819.5,776.966666666667,859.5,286.9,279.7,475.366666666667,335.0,280.2,285.4,300.2,284.8,304.3,259.4,282.833333333333,888.2,1181.7,895.2,988.366666666667,874.5,69.0,984.9,642.8,722.0,835.2,685.0,747.4,0.0
PA3155,649.0,646.5,640.5,645.333333333333,508.9,202.6,205.8,305.766666666667,1113.8,1160.5,725.2,999.833333333333,1004.8,1116.4,657.3,926.166666666667,610.7,246.2,240.2,365.7,240.2,236.9,248.0,241.7,199.6,206.1,235.5,213.733333333333,593.6,2009.2,501.7,1034.83333333333,1108.6,132.3,1081.5,774.133333333333,1094.1,1038.4,1182.0,1104.83333333333,0.0
PA4228,622.0,646.6,758.8,675.8,765.3,507.5,487.2,586.666666666667,930.8,1008.5,571.4,836.9,963.0,959.5,601.7,841.4,727.8,454.4,446.9,543.033333333333,462.5,429.8,453.0,448.433333333333,495.6,558.0,604.4,552.666666666667,689.1,994.9,937.6,873.866666666667,848.8,85.4,1006.5,646.9,874.9,922.5,891.9,896.433333333333,0.0
PA5429,133.7,90.1,92.2,105.333333333333,95.7,230.9,232.3,186.3,0.0,0.0,122.0,40.6666666666667,0.0,0.0,130.6,43.5333333333333,113.6,195.6,193.8,167.666666666667,181.0,225.6,214.4,207.0,208.5,232.6,235.4,225.5,115.5,231.2,153.0,166.566666666667,0.0,0.0,0.0,0.0,0.0,0.0,0.0,0.0,41.0435769736399
PA2399,0.0,0.0,0.0,0.0,0.0,372.1,327.8,233.3,0.0,0.0,0.0,0.0,0.0,0.0,0.0,0.0,0.0,431.1,582.4,337.833333333333,608.2,400.0,482.6,496.933333333333,480.4,584.1,586.2,550.233333333333,0.0,0.0,0.0,0.0,0.0,0.0,0.0,0.0,0.0,0.0,0.0,0.0,0.0
PA3736,0.0,0.0,0.0,0.0,0.0,153.8,192.4,115.4,257.2,423.1,0.0,226.766666666667,283.8,307.2,0.0,197.0,0.0,232.3,258.5,163.6,228.8,289.6,242.1,253.5,294.9,298.9,264.3,286.033333333333,0.0,0.0,0.0,0.0,346.3,71.7,330.8,249.6,200.3,193.3,183.2,192.266666666667,0.0
PA5141,0.0,0.0,0.0,0.0,0.0,223.8,278.7,167.5,154.3,166.8,0.0,107.033333333333,148.1,163.9,0.0,104.0,0.0,169.3,215.3,128.2,184.2,199.5,205.7,196.466666666667,208.6,211.7,210.8,210.366666666667,0.0,0.0,0.0,0.0,168.2,24.1,152.4,114.9,162.5,160.7,212.5,178.566666666667,0.0
PA5063,276.4,403.6,358.0,346.0,331.4,533.8,526.0,463.733333333333,0.0,0.0,374.9,124.966666666667,0.0,0.0,370.0,123.333333333333,357.6,589.3,588.5,511.8,611.9,577.8,641.9,610.533333333333,487.7,579.7,550.7,539.366666666667,346.6,86.5,383.7,272.266666666667,0.0,0.0,0.0,0.0,0.0,0.0,0.0,0.0,0.0013979321453487187
PA0662,235.7,241.9,278.3,251.966666666667,217.9,221.0,198.3,212.4,405.8,400.9,278.5,361.733333333333,488.2,406.4,245.0,379.866666666667,268.0,235.4,228.0,243.8,215.1,186.5,231.8,211.133333333333,195.9,186.1,198.2,193.4,230.5,24.4,255.2,170.033333333333,388.8,48.2,420.7,285.9,439.6,395.8,417.5,417.633333333333,15.406986334704722
PA3187,191.7,204.5,173.5,189.9,194.1,284.2,234.6,237.633333333333,345.9,511.7,164.1,340.566666666667,429.1,461.2,240.8,377.033333333333,191.5,494.1,417.9,367.833333333333,474.1,313.3,356.6,381.333333333333,287.8,333.4,272.7,297.966666666667,188.3,25.3,164.5,126.033333333333,408.8,23.5,426.3,286.2,443.4,350.8,462.6,418.933333333333,10.0
PA3183,480.3,444.9,521.7,482.3,565.2,657.9,737.7,653.6,530.1,849.0,480.7,619.933333333333,703.0,769.8,554.6,675.8,532.9,740.1,747.1,673.366666666667,827.5,534.4,587.8,649.9,611.3,685.7,515.4,604.133333333333,464.0,238.2,531.4,411.2,841.9,180.0,842.5,621.466666666667,905.2,672.9,962.4,846.833333333333,245.71348634240235
PA4939,312.7,343.9,296.5,317.7,267.5,190.2,202.0,219.9,75.3,117.8,340.4,177.833333333333,114.8,50.6,318.1,161.166666666667,296.6,174.8,181.1,217.5,131.5,208.0,179.9,173.133333333333,162.6,182.2,175.9,173.566666666667,301.7,238.1,301.2,280.333333333333,86.5,18.8,68.1,57.8,50.2,70.7,82.4,67.7666666666667,0.0
PA4416,108.6,125.5,97.1,110.4,188.2,125.0,109.2,140.8,68.1,83.3,125.0,92.1333333333333,226.9,119.7,148.3,164.966666666667,218.7,87.0,95.5,133.733333333333,107.8,101.7,105.0,104.833333333333,103.4,96.8,98.6,99.6,178.9,35.1,147.0,120.333333333333,117.6,35.9,114.8,89.4333333333333,151.2,113.0,152.7,138.966666666667,0.7460344480082507
PA5243,804.0,888.0,649.6,780.533333333333,749.9,404.9,435.3,530.033333333333,992.8,772.3,1116.3,960.466666666667,739.2,776.8,879.8,798.6,802.0,463.3,479.1,581.466666666667,417.3,480.4,433.7,443.8,446.8,436.5,407.9,430.4,826.4,99.8,852.2,592.8,500.7,106.5,519.9,375.7,560.3,616.0,574.8,583.7,0.005591728581394873
PA4588,1072.2,1175.3,1217.0,1154.83333333333,995.8,398.3,371.8,588.633333333333,725.6,824.2,1008.7,852.833333333333,953.2,973.0,1110.7,1012.3,1076.7,388.3,382.9,615.966666666667,421.5,307.3,350.0,359.6,335.3,351.6,273.4,320.1,1056.5,100.7,961.5,706.233333333333,941.1,105.5,1077.1,707.9,1044.5,1051.4,765.3,953.733333333333,70.29879328001812
PA2023,625.3,642.9,575.4,614.533333333333,785.8,871.6,885.2,847.533333333333,500.1,464.0,528.9,497.666666666667,457.3,513.9,694.0,555.066666666667,696.2,782.8,886.4,788.466666666667,836.6,835.5,867.9,846.666666666667,788.8,840.5,745.1,791.466666666667,658.3,56.1,802.5,505.633333333333,455.7,70.8,434.7,320.4,429.1,467.6,405.3,434.0,0.0
PA3397,821.1,806.5,738.7,788.766666666667,784.3,202.4,211.5,399.4,603.2,653.7,697.2,651.366666666667,560.6,694.7,802.5,685.933333333333,814.9,238.7,233.3,428.966666666667,216.0,234.3,220.4,223.566666666667,254.7,218.9,229.5,234.366666666667,827.9,1770.3,735.1,1111.1,588.2,53.0,598.0,413.066666666667,599.6,635.4,670.4,635.133333333333,0.0
PA4749,408.9,388.4,189.5,328.933333333333,466.4,364.2,369.2,399.933333333333,278.6,397.8,452.2,376.2,328.0,300.1,426.3,351.466666666667,477.6,360.0,392.5,410.033333333333,365.5,369.7,279.3,338.166666666667,349.9,380.6,335.9,355.466666666667,432.4,421.6,365.4,406.466666666667,332.3,50.2,344.9,242.466666666667,353.2,356.5,325.4,345.033333333333,2.2056573389312084
PA5505,482.3,397.4,451.3,443.666666666667,442.3,491.7,508.2,480.733333333333,134.5,122.4,431.1,229.333333333333,68.9,151.4,412.1,210.8,363.9,415.4,445.4,408.233333333333,486.1,488.2,490.5,488.266666666667,543.4,461.9,481.4,495.566666666667,446.8,1886.6,331.6,888.333333333333,85.9,43.4,97.0,75.4333333333333,94.1,93.4,100.5,96.0,1.6970247604018005
PA0353,335.6,444.9,370.8,383.766666666667,497.8,592.7,477.4,522.633333333333,760.8,743.2,476.0,660.0,910.2,708.3,464.7,694.4,352.0,549.8,538.6,480.133333333333,522.0,599.0,548.8,556.6,519.5,502.2,545.9,522.533333333333,352.1,938.6,412.7,567.8,752.7,103.9,736.2,530.933333333333,763.2,766.4,787.4,772.333333333333,0.5245320995777464
PA1337,0.0,0.0,0.0,0.0,0.0,893.2,727.6,540.266666666667,172.8,164.5,0.0,112.433333333333,337.2,274.3,0.0,203.833333333333,0.0,886.8,822.9,569.9,818.4,902.1,925.6,882.033333333333,757.4,650.0,906.1,771.166666666667,0.0,0.0,0.0,0.0,236.1,18.4,253.5,169.333333333333,292.1,255.0,234.5,260.533333333333,0.0
PA0430,925.8,846.0,1020.2,930.666666666667,971.7,475.7,452.2,633.2,671.2,638.5,865.5,725.066666666667,830.7,699.8,593.6,708.033333333333,669.3,533.1,843.2,681.866666666667,770.1,756.6,898.3,808.333333333333,816.5,743.3,882.3,814.033333333333,942.4,401.4,1173.6,839.133333333333,758.2,82.6,743.1,527.966666666667,741.7,684.0,848.5,758.066666666667,0.5203383031417002
PA3636,1235.6,1175.8,1009.6,1140.33333333333,1121.8,637.9,604.2,787.966666666667,767.1,762.6,1101.8,877.166666666667,674.2,725.5,1162.7,854.133333333333,1182.5,565.0,556.2,767.9,486.0,536.7,549.9,524.2,601.7,606.1,664.4,624.066666666667,1342.3,2681.1,1081.3,1701.56666666667,795.7,128.1,674.9,532.9,922.7,728.9,762.0,804.533333333333,0.0
PA3117,634.8,580.7,394.6,536.7,560.0,442.9,462.8,488.566666666667,530.7,552.6,596.5,559.933333333333,594.4,560.1,578.6,577.7,650.3,431.8,477.9,520.0,464.0,385.6,449.5,433.033333333333,384.9,477.8,476.5,446.4,583.4,34.5,564.1,394.0,576.8,101.5,602.5,426.933333333333,580.8,540.5,546.6,555.966666666667,0.7460344480082507
PA4414,110.4,100.0,123.4,111.266666666667,85.8,1027.4,1112.3,741.833333333333,265.0,247.7,62.4,191.7,597.3,368.7,128.3,364.766666666667,112.3,857.9,903.7,624.633333333333,1193.6,949.8,900.7,1014.7,1001.8,1015.2,928.6,981.866666666667,76.0,20.5,164.6,87.0333333333334,387.5,68.6,463.3,306.466666666667,316.1,382.8,315.1,338.0,0.7460344480082506
PA3666,394.5,349.2,279.0,340.9,380.6,800.4,773.3,651.433333333333,470.3,476.2,296.6,414.366666666667,636.6,617.5,378.7,544.266666666667,377.8,733.2,650.8,587.266666666667,596.0,669.3,639.9,635.066666666667,798.4,631.7,790.3,740.133333333333,421.2,10.3,336.1,255.866666666667,551.4,46.9,472.5,356.933333333333,561.1,500.9,609.3,557.1,0.7460344480082507
PA5413,704.0,823.1,793.3,773.466666666667,728.3,1145.6,1168.7,1014.2,320.0,356.9,715.0,463.966666666667,403.5,315.1,649.5,456.033333333333,664.4,1009.5,1049.2,907.7,987.9,1059.2,1045.4,1030.83333333333,1089.0,1051.9,1151.3,1097.4,603.8,116.6,736.9,485.766666666667,323.6,38.8,392.2,251.533333333333,285.3,314.9,360.4,320.2,7.821043165044689
PA3195,780.1,668.7,721.0,723.266666666667,809.7,321.7,483.3,538.233333333333,180.6,285.7,608.1,358.133333333333,271.9,274.0,778.5,441.466666666667,826.7,336.9,309.4,491.0,361.7,284.2,255.5,300.466666666667,287.8,293.5,236.0,272.433333333333,757.0,83.2,867.5,569.233333333333,295.8,68.1,347.2,237.033333333333,275.9,328.0,282.9,295.6,6.07726686248016
PA4839,557.9,533.3,659.5,583.566666666667,498.6,257.8,331.9,362.766666666667,441.2,530.0,508.0,493.066666666667,450.2,466.2,547.5,487.966666666667,540.4,220.3,248.1,336.266666666667,274.1,291.3,311.6,292.333333333333,264.1,259.2,287.4,270.233333333333,548.2,70.8,502.5,373.833333333333,549.1,91.0,545.3,395.133333333333,568.1,569.8,634.8,590.9,7.960524601688281
PA1288,715.0,617.0,681.1,671.033333333333,804.7,100.3,91.3,332.1,1041.3,648.6,723.6,804.5,1160.1,1010.7,704.8,958.533333333333,811.7,114.2,119.5,348.466666666667,66.2,74.2,85.7,75.3666666666667,55.2,72.7,87.4,71.7666666666667,711.9,61.8,902.0,558.566666666667,921.1,105.4,831.2,619.233333333333,844.7,794.0,1261.7,966.8,0.0
PA2119,1003.9,1035.8,1101.9,1047.2,816.4,256.4,245.4,439.4,626.6,661.1,1063.0,783.566666666667,627.0,700.6,941.1,756.233333333333,936.3,267.4,250.3,484.666666666667,213.1,260.8,248.4,240.766666666667,263.6,260.0,214.9,246.166666666667,855.6,2399.5,748.0,1334.36666666667,630.3,59.3,606.0,431.866666666667,691.0,607.3,623.2,640.5,0.0
PA3582,0.0,0.0,0.0,0.0,0.0,677.6,644.4,440.666666666667,286.4,317.9,0.0,201.433333333333,246.9,231.5,0.0,159.466666666667,0.0,752.0,652.1,468.033333333333,707.7,645.4,618.7,657.266666666667,709.6,650.5,670.9,677.0,0.0,0.0,0.0,0.0,282.5,83.4,247.9,204.6,350.0,321.0,329.0,333.333333333333,0.3819378484032391
PA5035,311.3,331.4,338.0,326.9,332.9,308.5,275.8,305.733333333333,371.4,482.6,356.4,403.466666666667,416.8,419.9,342.4,393.033333333333,325.6,342.3,324.6,330.833333333333,366.8,228.0,293.5,296.1,341.5,274.2,265.4,293.7,320.7,51.5,312.7,228.3,485.3,82.8,527.6,365.233333333333,490.5,423.9,395.0,436.466666666667,22.228179625264797
PA0300,579.9,642.5,571.8,598.066666666667,621.7,306.7,334.6,421.0,634.7,663.7,575.0,624.466666666667,596.2,656.5,597.5,616.733333333333,538.1,295.3,271.7,368.366666666667,254.2,306.6,300.0,286.933333333333,311.4,249.4,303.9,288.233333333333,604.6,72.9,611.4,429.633333333333,633.6,59.3,623.1,438.666666666667,648.2,621.5,702.9,657.533333333333,0.0
PA5323,175.0,176.6,104.1,151.9,191.4,587.9,536.3,438.533333333333,335.5,522.7,121.4,326.533333333333,296.8,479.2,152.1,309.366666666667,223.2,533.5,559.9,438.866666666667,539.3,555.1,520.7,538.366666666667,480.0,485.3,506.5,490.6,244.5,699.1,155.8,366.466666666667,520.2,80.3,538.5,379.666666666667,530.6,449.8,558.4,512.933333333333,15.406986334704726
PA0331,121.6,86.9,82.4,96.9666666666667,132.1,281.1,266.2,226.466666666667,280.6,310.7,154.8,248.7,285.4,291.5,127.9,234.933333333333,94.6,309.7,275.4,226.566666666667,305.8,270.2,217.4,264.466666666667,291.3,299.7,294.1,295.033333333333,144.5,22.1,183.6,116.733333333333,275.1,52.3,277.7,201.7,265.6,336.6,296.5,299.566666666667,0.0
PA3118,162.2,170.1,125.6,152.633333333333,231.7,225.3,248.7,235.233333333333,0.0,0.0,181.2,60.4,0.0,0.0,184.4,61.4666666666667,209.8,186.4,230.3,208.833333333333,212.5,184.4,254.0,216.966666666667,212.1,206.6,253.1,223.933333333333,272.8,786.9,197.0,418.9,0.0,0.0,0.0,0.0,0.0,0.0,0.0,0.0,0.0
PA3107,111.1,135.4,109.2,118.566666666667,104.7,841.3,859.3,601.766666666667,453.7,382.1,137.3,324.366666666667,447.4,400.6,166.2,338.066666666667,138.4,807.3,755.5,567.066666666667,702.0,815.2,771.8,763.0,847.0,806.5,937.1,863.533333333333,144.8,40.2,129.3,104.766666666667,378.5,102.4,404.5,295.133333333333,413.5,412.9,426.6,417.666666666667,0.0
PA4044,188.5,229.9,51.9,156.766666666667,259.5,185.6,171.3,205.466666666667,335.0,295.7,202.9,277.866666666667,238.3,284.5,201.8,241.533333333333,266.9,168.5,147.2,194.2,139.3,146.4,133.4,139.7,175.9,165.5,144.2,161.866666666667,248.6,46.1,187.2,160.633333333333,288.6,28.7,298.7,205.333333333333,255.3,325.5,269.0,283.266666666667,0.012581389308138466
PA4053,713.6,728.3,691.4,711.1,797.1,396.2,359.7,517.666666666667,876.7,642.8,727.2,748.9,705.3,701.6,774.1,727.0,769.3,404.6,345.6,506.5,290.1,383.9,323.5,332.5,380.7,356.8,371.1,369.533333333333,780.2,33.1,784.5,532.6,651.7,68.3,565.9,428.633333333333,669.4,732.2,704.0,701.866666666667,0.0
PA5161,144.5,133.1,157.1,144.9,150.9,301.5,250.0,234.133333333333,113.0,118.3,146.9,126.066666666667,217.1,143.8,141.7,167.533333333333,156.5,342.6,307.3,268.8,255.8,295.0,277.8,276.2,278.9,277.9,297.8,284.866666666667,143.2,27.9,168.2,113.1,140.3,53.6,175.7,123.2,113.8,196.3,135.1,148.4,0.0
PA2199,298.5,348.4,329.1,325.333333333333,416.8,898.5,1030.4,781.9,9.9,48.0,376.4,144.766666666667,108.2,118.1,373.2,199.833333333333,337.2,827.5,841.4,668.7,847.1,827.1,848.9,841.033333333333,1101.1,1017.3,863.0,993.8,370.2,371.7,466.2,402.7,99.7,16.5,107.4,74.5333333333334,100.4,122.1,38.3,86.9333333333333,0.0
PA4732,756.4,801.2,827.8,795.133333333333,721.3,627.8,648.6,665.9,1484.8,1527.3,901.8,1304.63333333333,1470.5,1450.7,839.9,1253.7,750.6,618.0,509.3,625.966666666667,592.6,516.0,559.7,556.1,880.1,623.2,606.1,703.133333333333,788.1,77.1,714.4,526.533333333333,1444.7,236.8,1447.5,1043.0,1418.5,1721.7,1264.3,1468.16666666667,8.777069442371399
PA5153,1071.8,898.0,1014.8,994.866666666667,632.7,510.1,470.3,537.7,613.3,721.8,986.0,773.7,397.8,505.4,837.8,580.333333333333,908.9,662.4,639.4,736.9,484.1,574.8,582.8,547.233333333333,413.8,492.1,487.3,464.4,561.2,45.4,662.6,423.066666666667,587.0,53.9,495.3,378.733333333333,529.9,554.1,557.5,547.166666666667,0.0
PA3194,662.2,712.2,719.0,697.8,622.9,219.3,231.7,357.966666666667,243.4,137.8,709.1,363.433333333333,162.1,227.0,720.0,369.7,639.6,180.9,217.1,345.866666666667,206.5,130.7,181.2,172.8,141.8,186.8,129.8,152.8,620.6,25.9,699.4,448.633333333333,207.7,8.7,171.4,129.266666666667,221.5,206.5,172.5,200.166666666667,1.2225810745925356
PA2967,114.2,143.1,157.3,138.2,99.2,471.7,465.0,345.3,666.4,511.1,175.2,450.9,457.7,567.7,134.8,386.733333333333,120.8,499.6,482.5,367.633333333333,476.1,455.8,477.6,469.833333333333,525.0,488.2,501.4,504.866666666667,148.0,172.7,120.2,146.966666666667,500.5,41.1,394.0,311.866666666667,517.5,437.7,549.3,501.5,49.34013305555608
PA1843,0.0,0.0,0.0,0.0,0.0,612.5,607.0,406.5,381.7,293.4,0.0,225.033333333333,364.5,314.2,0.0,226.233333333333,0.0,668.7,611.8,426.833333333333,527.8,618.0,608.8,584.866666666667,747.2,625.3,690.3,687.6,0.0,0.0,0.0,0.0,286.1,26.3,265.6,192.666666666667,261.4,333.0,216.4,270.266666666667,0.5203383031417003
PA0945,787.2,679.5,706.7,724.466666666667,877.8,376.0,421.6,558.466666666667,420.2,434.5,746.4,533.7,483.4,459.9,761.1,568.133333333333,814.0,373.5,375.7,521.066666666667,375.1,309.4,349.8,344.766666666667,430.3,477.5,361.2,423.0,825.0,422.5,881.3,709.6,503.4,62.7,491.0,352.366666666667,487.5,466.6,527.2,493.766666666667,4.973707812491742
PA3760,450.0,562.5,579.5,530.666666666667,622.7,101.3,111.4,278.466666666667,663.2,504.7,551.3,573.066666666667,512.7,418.8,505.4,478.966666666667,616.3,108.2,108.8,277.766666666667,223.7,162.8,124.2,170.233333333333,106.9,84.2,78.7,89.9333333333333,545.2,39.4,640.3,408.3,462.5,70.5,346.3,293.1,517.9,335.2,591.7,481.6,0.0
PA2444,0.0,0.0,0.0,0.0,0.0,0.0,0.0,0.0,575.6,741.3,0.0,438.966666666667,428.2,487.5,0.0,305.233333333333,0.0,0.0,0.0,0.0,0.0,0.0,0.0,0.0,0.0,0.0,0.0,0.0,0.0,0.0,0.0,0.0,585.7,87.9,657.9,443.833333333333,604.6,512.2,693.6,603.466666666667,38.97325441344906
PA4759,362.9,435.6,380.7,393.066666666667,386.0,369.0,404.7,386.566666666667,221.4,282.8,443.6,315.933333333333,433.2,188.9,376.6,332.9,404.7,260.3,325.7,330.233333333333,428.4,387.0,405.5,406.966666666667,351.2,375.7,314.3,347.066666666667,352.2,584.0,409.6,448.6,260.0,27.4,260.8,182.733333333333,248.4,265.2,254.3,255.966666666667,0.7460344480082507
PA4457,0.0,0.0,0.0,0.0,0.0,139.1,150.8,96.6333333333333,141.8,186.5,0.0,109.433333333333,127.5,143.2,0.0,90.2333333333333,0.0,125.8,126.8,84.2,115.6,129.6,116.1,120.433333333333,128.3,124.1,138.2,130.2,0.0,0.0,0.0,0.0,189.0,26.1,180.6,131.9,176.6,176.4,168.4,173.8,0.0
PA0745,803.4,813.3,841.2,819.3,599.4,637.8,599.3,612.166666666667,496.3,473.1,544.6,504.666666666667,540.4,518.7,473.7,510.933333333333,389.2,622.4,605.1,538.9,645.7,570.5,601.8,606.0,575.1,567.4,539.7,560.733333333333,617.2,140.7,693.5,483.8,513.0,80.0,485.8,359.6,477.4,585.3,477.9,513.533333333333,0.0
PA2290,0.0,0.0,0.0,0.0,0.0,725.6,566.5,430.7,346.7,364.3,0.0,237.0,431.0,508.7,0.0,313.233333333333,0.0,749.3,698.1,482.466666666667,802.5,697.6,774.0,758.033333333333,666.9,675.2,718.9,687.0,0.0,0.0,0.0,0.0,447.1,95.9,437.7,326.9,338.0,486.6,410.3,411.633333333333,0.0
PA4314,300.1,246.2,238.0,261.433333333333,245.6,698.6,724.5,556.233333333333,173.1,214.9,200.1,196.033333333333,117.5,141.6,299.5,186.2,354.9,554.3,609.5,506.233333333333,503.4,662.5,611.9,592.6,708.2,642.9,705.1,685.4,284.7,19.5,222.1,175.433333333333,202.6,36.5,154.6,131.233333333333,189.2,204.1,154.7,182.666666666667,0.0
PA1828,960.1,991.3,1098.6,1016.66666666667,797.1,0.0,0.0,265.7,533.1,591.5,1053.1,725.9,702.0,603.6,948.3,751.3,895.4,0.0,0.0,298.466666666667,0.0,0.0,0.0,0.0,0.0,0.0,0.0,0.0,796.1,1959.2,801.4,1185.56666666667,605.7,83.5,667.2,452.133333333333,583.4,671.4,587.6,614.133333333333,3.0137798248294065
PA2413,0.0,0.0,0.0,0.0,0.0,473.1,374.3,282.466666666667,0.0,0.0,0.0,0.0,0.0,0.0,0.0,0.0,0.0,445.5,378.5,274.666666666667,406.7,431.4,363.9,400.666666666667,421.5,421.9,689.1,510.833333333333,0.0,0.0,0.0,0.0,0.0,0.0,0.0,0.0,0.0,0.0,0.0,0.0,0.0
PA1614,956.8,880.4,973.0,936.733333333333,861.3,221.5,208.0,430.266666666667,911.9,881.9,846.3,880.033333333333,813.4,900.5,850.8,854.9,955.0,197.3,212.6,454.966666666667,191.0,172.9,179.7,181.2,248.5,249.0,195.8,231.1,823.3,1225.6,867.2,972.033333333333,842.5,74.1,915.2,610.6,813.5,942.6,824.1,860.066666666667,0.0
PA5038,346.9,288.8,398.2,344.633333333333,344.8,176.7,194.8,238.766666666667,201.1,231.4,332.6,255.033333333333,268.7,272.7,369.3,303.566666666667,349.0,150.3,139.0,212.766666666667,155.7,127.2,145.2,142.7,177.6,116.2,159.7,151.166666666667,370.4,25.6,319.5,238.5,273.9,16.8,261.9,184.2,276.8,253.2,246.1,258.7,0.0027958642906975324
PA3167,640.9,538.3,462.7,547.3,548.8,565.4,429.3,514.5,417.3,503.0,470.8,463.7,671.9,631.8,679.6,661.1,673.3,678.2,586.3,645.933333333333,552.9,622.4,634.7,603.333333333333,571.4,521.4,561.7,551.5,736.8,2388.8,437.0,1187.53333333333,621.7,101.0,574.6,432.433333333333,559.0,610.1,744.9,638.0,0.0
PA4569,341.8,380.5,437.9,386.733333333333,403.0,151.8,139.0,231.266666666667,210.5,293.6,372.3,292.133333333333,309.0,323.2,318.8,317.0,439.0,215.9,170.8,275.233333333333,178.5,165.9,188.9,177.766666666667,157.3,152.0,152.4,153.9,345.5,315.4,426.4,362.433333333333,342.3,53.7,360.8,252.266666666667,314.7,422.1,356.0,364.266666666667,0.002795864290697438
PA2025,332.3,404.4,472.2,402.966666666667,489.0,33.7,17.7,180.133333333333,202.4,269.5,292.8,254.9,359.6,257.4,212.8,276.6,238.4,19.6,346.4,201.466666666667,352.0,305.2,306.8,321.333333333333,373.8,273.7,342.9,330.133333333333,382.6,73.0,465.8,307.133333333333,220.4,38.5,241.5,166.8,236.1,163.2,234.1,211.133333333333,0.0
PA5552,806.6,946.2,823.1,858.633333333333,855.1,616.7,625.0,698.933333333333,0.0,0.0,943.3,314.433333333333,0.0,0.0,969.7,323.233333333333,907.4,526.9,528.2,654.166666666667,591.2,581.1,574.7,582.333333333333,531.7,560.7,664.5,585.633333333333,894.3,75.4,776.8,582.166666666667,0.0,0.0,0.0,0.0,0.0,0.0,0.0,0.0,4.411314677862416
PA5110,618.7,705.0,742.7,688.8,753.2,307.8,301.1,454.033333333333,1137.4,790.5,577.5,835.133333333333,1096.9,1060.7,589.4,915.666666666667,592.4,363.0,337.1,430.833333333333,220.2,407.5,406.2,344.633333333333,356.8,312.9,327.3,332.333333333333,671.5,234.0,595.2,500.233333333333,968.3,89.8,1044.8,700.966666666667,1024.3,997.7,999.2,1007.06666666667,0.0
PA3807,1105.2,973.9,961.8,1013.63333333333,1130.7,369.0,349.8,616.5,632.3,686.2,809.1,709.2,579.8,632.5,984.9,732.4,1069.1,311.2,319.7,566.666666666667,279.7,214.7,228.0,240.8,307.5,322.9,302.0,310.8,1130.2,2277.5,1062.0,1489.9,676.8,30874.8,631.8,10727.8,705.1,633.3,694.8,677.733333333333,5.752177082136563
PA0301,0.0,0.0,0.0,0.0,0.0,144.8,152.3,99.0333333333334,0.0,0.0,0.0,0.0,0.0,0.0,0.0,0.0,0.0,149.1,174.6,107.9,119.1,152.4,157.7,143.066666666667,105.2,122.0,104.7,110.633333333333,0.0,0.0,0.0,0.0,0.0,0.0,0.0,0.0,0.0,0.0,0.0,0.0,0.0
PA0023,522.3,660.9,588.3,590.5,624.6,112.1,329.7,355.466666666667,531.4,498.3,818.1,615.933333333333,462.5,462.7,704.8,543.333333333333,699.5,393.4,391.7,494.866666666667,405.2,375.1,390.3,390.2,347.6,320.7,344.5,337.6,748.0,71.6,773.5,531.033333333333,470.8,20203.4,432.8,7035.66666666667,343.7,399.7,468.2,403.866666666667,0.0
PA4919,460.1,482.7,467.6,470.133333333333,632.2,636.6,638.2,635.666666666667,514.6,404.6,421.6,446.933333333333,556.2,525.8,435.8,505.933333333333,619.1,659.1,614.5,630.9,609.8,660.2,572.4,614.133333333333,618.6,617.8,576.9,604.433333333333,496.4,811.2,591.9,633.166666666667,503.4,38.2,418.2,319.933333333333,539.2,308.0,731.0,526.066666666667,0.0
PA2015,512.9,858.4,837.6,736.3,310.6,169.6,167.1,215.766666666667,316.5,429.5,773.4,506.466666666667,300.7,437.7,514.0,417.466666666667,468.2,202.0,202.1,290.766666666667,186.0,163.8,184.2,178.0,166.9,154.1,210.7,177.233333333333,425.8,1493.7,295.2,738.233333333333,346.3,48.5,305.1,233.3,315.2,358.5,353.1,342.266666666667,3.503389940920937
PA4587,853.1,1425.9,1449.3,1242.76666666667,759.2,130.5,119.0,336.233333333333,680.1,559.4,1946.5,1062.0,364.8,348.8,1077.3,596.966666666667,748.1,163.9,148.0,353.333333333333,118.7,126.7,150.3,131.9,86.9,103.1,82.1,90.7,721.5,3650.9,559.2,1643.86666666667,202.8,8.6,245.2,152.2,212.8,232.6,148.7,198.033333333333,75.63320810459658
PA2232,443.1,536.9,513.1,497.7,522.6,258.8,295.8,359.066666666667,226.4,317.4,523.9,355.9,285.4,320.2,472.9,359.5,546.2,253.2,270.0,356.466666666667,267.6,212.5,223.9,234.666666666667,260.1,263.0,258.5,260.533333333333,488.7,1172.4,458.4,706.5,396.9,76.5,407.1,293.5,412.8,360.4,432.4,401.866666666667,0.0
PA5558,194.2,129.8,153.3,159.1,162.5,267.3,236.7,222.166666666667,231.3,480.9,164.0,292.066666666667,483.2,347.7,171.6,334.166666666667,189.7,295.4,264.7,249.933333333333,273.4,281.8,259.0,271.4,249.4,255.4,245.5,250.1,144.1,532.3,164.6,280.333333333333,590.4,119.5,586.0,431.966666666667,528.1,607.5,501.0,545.533333333333,369.8715475466668
PA3160,206.8,210.3,241.9,219.666666666667,225.0,106.8,120.5,150.766666666667,533.7,594.8,337.1,488.533333333333,589.0,586.5,209.4,461.633333333333,210.7,93.7,102.6,135.666666666667,102.2,93.0,106.2,100.466666666667,93.3,104.9,95.3,97.8333333333333,217.7,19.9,296.3,177.966666666667,642.8,116.6,673.7,477.7,622.9,655.4,601.5,626.6,0.0
PA5331,0.0,0.0,0.0,0.0,0.0,543.1,589.8,377.633333333333,172.6,144.6,0.0,105.733333333333,105.4,175.5,0.0,93.6333333333333,0.0,471.3,492.0,321.1,515.3,490.0,531.6,512.3,544.2,544.8,554.9,547.966666666667,0.0,0.0,0.0,0.0,135.2,46.9,130.7,104.266666666667,46.8,102.4,112.6,87.2666666666667,4.882012410522785
PA4417,0.0,0.0,0.0,0.0,0.0,431.6,398.9,276.833333333333,403.2,481.0,0.0,294.733333333333,528.8,585.0,0.0,371.266666666667,0.0,435.5,449.3,294.933333333333,500.9,413.6,458.8,457.766666666667,443.4,458.1,528.1,476.533333333333,0.0,0.0,0.0,0.0,564.6,57.0,619.0,413.533333333333,469.8,526.2,575.1,523.7,0.7460344480082507
PA1642,450.9,476.7,345.2,424.266666666667,527.4,489.5,464.9,493.933333333333,286.2,221.0,392.8,300.0,184.5,201.7,492.5,292.9,487.7,511.7,484.0,494.466666666667,391.5,494.2,497.3,461.0,513.8,495.1,496.6,501.833333333333,499.9,209.7,559.5,423.033333333333,156.6,30.8,170.0,119.133333333333,157.3,215.2,124.0,165.5,0.0
PA0932,430.5,493.0,562.8,495.433333333333,470.0,473.2,447.3,463.5,0.0,0.0,536.9,178.966666666667,0.0,0.0,447.7,149.233333333333,426.1,452.9,473.5,450.833333333333,428.4,448.0,443.5,439.966666666667,444.3,454.0,424.8,441.033333333333,484.7,538.3,504.4,509.133333333333,0.0,0.0,0.0,0.0,0.0,0.0,0.0,0.0,0.0
PA5372,552.2,430.1,574.1,518.8,381.0,1124.1,1236.6,913.9,984.3,969.1,473.0,808.8,931.5,957.0,519.8,802.766666666667,466.4,1062.6,1044.2,857.733333333333,1065.6,968.4,1040.5,1024.83333333333,1049.4,947.3,1098.9,1031.86666666667,360.8,1054.9,402.2,605.966666666667,970.2,129.4,937.3,678.966666666667,994.2,939.1,939.2,957.5,0.0
PA5557,379.4,358.1,348.8,362.1,445.0,338.1,268.4,350.5,652.1,640.5,377.6,556.733333333333,687.7,676.9,441.6,602.066666666667,466.1,320.0,284.7,356.933333333333,303.9,243.0,288.4,278.433333333333,306.0,298.3,252.6,285.633333333333,458.0,309.8,420.9,396.233333333333,667.8,60.5,667.9,465.4,745.7,642.6,723.6,703.966666666667,369.8715475466668
PA0130,462.3,527.6,493.5,494.466666666667,472.1,65.8,62.9,200.266666666667,258.3,235.7,479.9,324.633333333333,263.6,208.5,541.5,337.866666666667,450.2,77.5,69.2,198.966666666667,58.6,48.7,54.8,54.0333333333333,42.9,52.5,60.5,51.9666666666667,441.5,74.7,485.1,333.766666666667,232.3,45.1,204.2,160.533333333333,230.7,218.4,263.3,237.466666666667,0.0
PA2965,830.9,1053.6,975.5,953.333333333333,952.0,288.8,240.3,493.7,830.5,806.8,912.2,849.833333333333,772.2,648.9,947.0,789.366666666667,1002.0,251.0,230.2,494.4,326.2,228.9,232.5,262.533333333333,219.0,266.1,210.4,231.833333333333,955.7,60.3,1035.2,683.733333333333,690.2,41.6,680.4,470.733333333333,667.2,847.6,649.6,721.466666666667,3.013779824829406
PA5260,105.9,129.4,95.8,110.366666666667,135.0,323.7,242.1,233.6,0.0,0.0,112.2,37.4,0.0,0.0,124.3,41.4333333333333,130.0,279.1,274.8,227.966666666667,400.3,195.7,220.3,272.1,229.3,254.2,271.5,251.666666666667,130.8,26.5,121.9,93.0666666666667,0.0,0.0,0.0,0.0,0.0,0.0,0.0,0.0,0.0013979321453487185
PA3166,634.1,642.9,636.1,637.7,827.1,479.8,430.3,579.066666666667,320.1,398.8,729.6,482.833333333333,348.2,381.2,699.7,476.366666666667,673.2,472.0,439.8,528.333333333333,453.5,470.9,453.5,459.3,478.6,445.9,478.8,467.766666666667,671.1,58.1,807.9,512.366666666667,352.8,47.0,385.9,261.9,354.0,427.1,330.6,370.566666666667,0.0
PA0302,259.2,267.0,298.9,275.033333333333,292.8,369.2,326.4,329.466666666667,259.4,516.6,248.8,341.6,464.4,534.5,229.0,409.3,245.8,452.1,401.3,366.4,622.4,770.6,754.4,715.8,359.0,371.2,334.6,354.933333333333,225.9,180.8,258.7,221.8,513.2,133.3,583.6,410.033333333333,418.9,475.5,502.0,465.466666666667,0.0
PA5217,386.3,380.1,315.3,360.566666666667,433.9,463.4,398.7,432.0,117.8,154.1,323.1,198.333333333333,190.6,124.6,322.7,212.633333333333,402.2,483.2,446.5,443.966666666667,371.7,419.2,390.8,393.9,447.2,451.4,440.8,446.466666666667,437.1,40.5,368.2,281.933333333333,185.5,69.1,144.9,133.166666666667,151.8,200.7,187.9,180.133333333333,104.87166055526457
PA4646,205.0,240.9,331.0,258.966666666667,237.1,255.7,283.7,258.833333333333,487.7,444.7,229.7,387.366666666667,430.5,343.8,255.9,343.4,252.7,252.5,260.7,255.3,310.7,237.3,266.2,271.4,265.5,283.8,266.2,271.833333333333,168.7,688.6,227.2,361.5,391.8,29.7,426.7,282.733333333333,414.9,387.0,460.2,420.7,0.0
PA0407,970.3,984.1,1047.8,1000.73333333333,849.7,297.0,271.9,472.866666666667,268.5,307.1,968.0,514.533333333333,349.0,349.8,992.0,563.6,969.1,311.7,351.4,544.066666666667,337.2,320.5,339.9,332.533333333333,319.4,356.1,339.7,338.4,885.3,111.5,969.7,655.5,318.6,7.8,318.3,214.9,357.3,305.1,366.6,343.0,0.0
PA4031,280.3,243.7,196.7,240.233333333333,301.3,334.4,417.0,350.9,119.2,131.8,247.4,166.133333333333,173.1,226.8,317.8,239.233333333333,247.8,329.8,335.0,304.2,281.7,297.0,314.8,297.833333333333,390.2,353.8,356.1,366.7,363.6,47.8,443.0,284.8,158.6,52.9,168.8,126.766666666667,248.5,202.1,123.7,191.433333333333,43.44474736446725
PA4449,0.0,0.0,0.0,0.0,0.0,586.7,570.5,385.733333333333,555.9,484.0,0.0,346.633333333333,661.1,500.0,0.0,387.033333333333,0.0,629.4,594.8,408.066666666667,568.7,699.9,569.2,612.6,592.4,558.4,613.2,588.0,0.0,0.0,0.0,0.0,581.7,92.3,577.0,417.0,610.8,548.3,684.7,614.6,0.0
PA3141,126.2,124.9,138.7,129.933333333333,103.5,0.0,0.0,34.5,52.6,124.7,141.1,106.133333333333,47.3,102.3,107.8,85.8,104.2,0.0,0.0,34.7333333333333,0.0,0.0,0.0,0.0,0.0,0.0,0.0,0.0,71.1,263.2,115.7,150.0,106.0,47.7,93.3,82.3333333333333,111.4,98.6,134.1,114.7,0.0
PA3562,737.0,727.3,844.2,769.5,598.2,446.1,394.7,479.666666666667,562.2,563.4,737.0,620.866666666667,537.5,509.8,764.3,603.866666666667,823.7,514.1,470.8,602.866666666667,500.5,530.5,512.3,514.433333333333,344.1,400.1,321.2,355.133333333333,632.5,54.9,677.4,454.933333333333,546.2,69.5,521.2,378.966666666667,634.1,486.1,659.5,593.233333333333,0.0
PA5140,0.0,0.0,0.0,0.0,0.0,299.8,271.0,190.266666666667,163.6,182.7,0.0,115.433333333333,315.4,246.9,0.0,187.433333333333,0.0,291.9,326.8,206.233333333333,417.6,414.5,396.4,409.5,329.9,481.4,461.0,424.1,0.0,0.0,0.0,0.0,245.7,53.8,271.0,190.166666666667,207.7,229.6,205.9,214.4,0.0
PA1681,662.3,530.2,585.0,592.5,586.9,347.1,380.4,438.133333333333,223.7,200.8,664.0,362.833333333333,155.7,171.3,433.9,253.633333333333,682.2,408.3,409.2,499.9,423.6,420.9,466.2,436.9,427.7,503.4,398.8,443.3,645.6,114.3,650.6,470.166666666667,154.5,13.2,173.3,113.666666666667,164.9,199.7,151.8,172.133333333333,0.0027958642906975324
PA3758,836.1,791.1,880.0,835.733333333333,697.2,134.0,127.6,319.6,0.0,0.0,781.4,260.466666666667,0.0,0.0,845.1,281.7,794.5,121.2,141.3,352.333333333333,151.9,177.8,129.2,152.966666666667,131.0,119.8,144.3,131.7,703.0,603.1,695.7,667.266666666667,0.0,0.0,0.0,0.0,0.0,0.0,0.0,0.0,0.0
PA2012,0.0,0.0,0.0,0.0,0.0,169.6,215.7,128.433333333333,32.3,108.9,0.0,47.0666666666667,130.5,128.6,0.0,86.3666666666667,0.0,140.5,143.9,94.8,132.3,161.9,115.7,136.633333333333,205.2,189.2,153.1,182.5,0.0,0.0,0.0,0.0,132.9,42.3,121.2,98.8,18.3,118.5,125.3,87.3666666666667,11.8512018969762
PA2828,520.7,440.2,356.3,439.066666666667,553.8,551.8,587.4,564.333333333333,93.9,118.0,480.2,230.7,131.8,144.6,427.7,234.7,553.3,451.7,476.1,493.7,454.5,438.2,458.8,450.5,556.6,527.6,415.0,499.733333333333,571.3,299.5,625.2,498.666666666667,105.5,26.4,107.5,79.8,120.8,118.5,120.6,119.966666666667,1.6801928576358272
PA3337,0.0,0.0,0.0,0.0,0.0,41.5,52.8,31.4333333333333,0.0,0.0,0.0,0.0,0.0,0.0,0.0,0.0,0.0,59.3,57.0,38.7666666666667,62.6,38.0,60.4,53.6666666666667,51.5,68.3,35.9,51.9,0.0,0.0,0.0,0.0,0.0,0.0,0.0,0.0,0.0,0.0,0.0,0.0,0.0
PA5174,411.9,250.6,286.0,316.166666666667,346.4,454.1,418.3,406.266666666667,0.0,0.0,248.1,82.7,0.0,0.0,341.1,113.7,422.5,395.3,383.9,400.566666666667,513.5,344.3,356.8,404.866666666667,405.4,395.2,385.1,395.233333333333,339.4,39.3,479.8,286.166666666667,0.0,0.0,0.0,0.0,0.0,0.0,0.0,0.0,0.0
PA4447,194.1,222.4,215.3,210.6,252.7,332.2,355.8,313.566666666667,53.8,73.3,188.0,105.033333333333,132.1,124.4,204.4,153.633333333333,215.6,305.9,321.3,280.933333333333,219.9,315.1,318.7,284.566666666667,267.3,325.4,254.7,282.466666666667,197.0,41.5,194.4,144.3,160.9,30.3,134.2,108.466666666667,195.1,168.4,167.0,176.833333333333,0.0
PA3158,268.7,189.0,25.4,161.033333333333,355.3,98.8,80.9,178.333333333333,447.6,385.1,309.0,380.566666666667,374.7,434.4,225.5,344.866666666667,398.8,66.2,87.6,184.2,64.7,70.8,62.4,65.9666666666667,64.7,52.4,62.1,59.7333333333333,263.8,27.5,385.5,225.6,432.1,81.6,382.8,298.833333333333,490.0,436.5,454.5,460.333333333333,0.0
PA0854,495.2,491.5,516.7,501.133333333333,500.1,132.2,112.6,248.3,96.0,155.2,536.0,262.4,207.0,171.0,548.5,308.833333333333,565.2,137.3,230.3,310.933333333333,208.5,224.5,214.9,215.966666666667,214.8,223.0,228.4,222.066666666667,608.9,315.3,574.8,499.666666666667,152.1,42.4,181.3,125.266666666667,129.3,181.4,139.1,149.933333333333,0.0
PA1748,0.0,0.0,0.0,0.0,0.0,0.0,0.0,0.0,0.0,0.0,0.0,0.0,0.0,0.0,0.0,0.0,0.0,0.0,0.0,0.0,0.0,0.0,0.0,0.0,0.0,0.0,0.0,0.0,0.0,0.0,0.0,0.0,0.0,0.0,0.0,0.0,0.0,0.0,0.0,0.0,22.89791466233961
PA5013,398.9,490.9,448.0,445.933333333333,508.6,214.6,215.8,313.0,680.1,860.6,444.0,661.566666666667,738.2,913.7,449.7,700.533333333333,432.0,213.2,242.7,295.966666666667,182.0,224.8,270.7,225.833333333333,164.5,187.2,181.9,177.866666666667,490.3,55.8,400.7,315.6,818.9,157.6,788.0,588.166666666667,899.0,751.8,855.3,835.366666666667,11.851201896976196
PA5034,290.2,377.0,326.6,331.266666666667,363.2,0.0,0.0,121.066666666667,0.0,0.0,273.8,91.2666666666667,0.0,0.0,356.3,118.766666666667,314.5,0.0,0.0,104.833333333333,0.0,0.0,0.0,0.0,0.0,0.0,0.0,0.0,400.8,1339.1,301.3,680.4,0.0,0.0,0.0,0.0,0.0,0.0,0.0,0.0,0.0013979321453487187
PA5163,258.1,261.8,327.1,282.333333333333,229.7,751.3,696.4,559.133333333333,471.0,565.5,238.8,425.1,467.8,586.5,262.3,438.866666666667,237.6,727.3,714.6,559.833333333333,611.2,673.9,682.5,655.866666666667,640.4,647.6,713.8,667.266666666667,179.3,23.8,256.4,153.166666666667,498.7,138.1,452.2,363.0,573.5,513.4,576.0,554.3,0.0
PA0899,127.8,122.4,118.2,122.8,116.5,307.2,275.7,233.133333333333,210.6,75.4,137.6,141.2,123.7,83.8,122.3,109.933333333333,86.8,437.7,398.8,307.766666666667,421.1,408.8,445.0,424.966666666667,261.2,305.1,306.3,290.866666666667,100.4,478.9,89.8,223.033333333333,160.8,55.3,135.6,117.233333333333,170.2,140.6,137.8,149.533333333333,0.0
PA0024,236.3,306.4,340.9,294.533333333333,271.4,1029.2,860.5,720.366666666667,527.7,400.0,252.7,393.466666666667,517.6,492.5,291.2,433.766666666667,288.1,802.9,812.9,634.633333333333,677.9,956.9,912.3,849.033333333333,923.4,758.5,970.1,884.0,256.7,799.0,229.1,428.266666666667,461.8,31.1,438.2,310.366666666667,428.8,451.3,456.5,445.533333333333,0.0013979321453487185
PA3751,612.6,523.2,423.0,519.6,396.7,444.7,465.1,435.5,515.7,531.5,351.8,466.333333333333,313.6,417.7,429.3,386.866666666667,485.6,384.5,417.4,429.166666666667,368.6,419.6,372.1,386.766666666667,401.7,409.6,380.1,397.133333333333,429.3,1054.6,368.6,617.5,411.2,29.8,358.2,266.4,357.7,443.8,437.9,413.133333333333,4.973707812491742
PA3629,210.0,219.7,199.5,209.733333333333,244.0,465.2,496.7,401.966666666667,481.1,642.8,163.5,429.133333333333,582.8,652.3,263.7,499.6,258.2,459.7,458.6,392.166666666667,431.2,405.7,370.9,402.6,421.4,388.1,397.1,402.2,188.3,8.7,319.5,172.166666666667,569.8,99.0,613.5,427.433333333333,647.3,634.5,706.5,662.766666666667,0.0
PA4442,474.9,509.3,516.7,500.3,526.7,171.8,138.5,279.0,715.7,896.0,532.5,714.733333333333,733.1,805.6,528.9,689.2,604.2,143.5,139.5,295.733333333333,158.9,115.2,136.2,136.766666666667,120.4,125.9,119.2,121.833333333333,501.0,229.8,599.1,443.3,793.5,158.1,726.3,559.3,943.9,884.4,861.7,896.666666666667,0.0
PA2968,597.1,544.7,573.5,571.766666666667,526.4,345.9,295.8,389.366666666667,384.9,317.8,635.6,446.1,351.6,338.8,573.4,421.266666666667,599.1,272.4,288.8,386.766666666667,287.5,233.5,263.2,261.4,299.8,333.6,302.2,311.866666666667,600.8,2003.3,496.8,1033.63333333333,334.9,64.5,342.9,247.433333333333,352.9,372.4,327.9,351.066666666667,58.06864830711389
PA4956,419.2,439.5,499.0,452.566666666667,419.3,79.3,101.3,199.966666666667,570.0,448.9,373.8,464.233333333333,553.3,520.0,441.6,504.966666666667,417.0,93.3,77.5,195.933333333333,64.0,94.4,93.7,84.0333333333334,123.8,99.4,118.0,113.733333333333,437.9,49.7,418.8,302.133333333333,462.9,72.0,418.4,317.766666666667,436.4,494.3,485.2,471.966666666667,0.0
PA3182,434.9,508.6,458.6,467.366666666667,450.6,475.6,560.3,495.5,440.9,448.7,533.9,474.5,501.8,481.3,455.5,479.533333333333,372.1,410.1,467.0,416.4,451.1,398.5,423.9,424.5,455.9,450.7,449.2,451.933333333333,386.6,1492.4,401.6,760.2,555.3,81.5,630.8,422.533333333333,644.3,464.0,622.6,576.966666666667,1.2225810745925354
PA3452,341.5,356.9,412.8,370.4,315.4,492.9,469.2,425.833333333333,249.2,230.0,452.0,310.4,246.4,203.3,376.4,275.366666666667,271.6,525.9,496.1,431.2,501.9,538.9,488.8,509.866666666667,527.9,476.7,606.9,537.166666666667,342.6,44.5,385.7,257.6,261.0,52.6,255.0,189.533333333333,290.8,290.7,272.4,284.633333333333,0.0
PA0363,141.5,191.9,16.5,116.633333333333,132.4,195.2,248.7,192.1,0.0,0.0,163.4,54.4666666666667,0.0,0.0,176.7,58.9,173.3,230.0,217.2,206.833333333333,179.9,219.4,201.4,200.233333333333,202.7,200.1,218.5,207.1,182.8,729.4,138.4,350.2,0.0,0.0,0.0,0.0,0.0,0.0,0.0,0.0,0.0
PA4431,569.8,491.0,478.8,513.2,651.4,606.4,606.0,621.266666666667,662.4,627.0,462.8,584.066666666667,573.6,631.3,611.2,605.366666666667,571.0,609.0,625.0,601.666666666667,544.7,709.0,651.8,635.166666666667,515.2,533.4,352.4,467.0,653.7,56.2,1002.0,570.633333333333,587.1,76.4,590.1,417.866666666667,684.8,749.3,484.7,639.6,75.63320810459658
PA1863,162.4,197.7,208.1,189.4,78.4,573.8,487.3,379.833333333333,477.9,491.4,439.0,469.433333333333,235.6,259.7,158.8,218.033333333333,52.4,979.0,901.5,644.3,1037.5,578.7,798.0,804.733333333333,385.3,564.8,420.0,456.7,113.9,49.4,127.3,96.8666666666667,207.0,57.5,237.4,167.3,292.3,353.0,287.7,311.0,0.0
PA3654,427.9,487.0,581.7,498.866666666667,629.9,203.0,202.6,345.166666666667,294.2,254.9,454.9,334.666666666667,350.0,320.7,544.4,405.033333333333,560.7,167.6,208.1,312.133333333333,206.6,191.4,169.2,189.066666666667,189.7,176.0,209.7,191.8,438.6,24.1,692.7,385.133333333333,321.8,34.3,335.7,230.6,365.7,346.9,313.7,342.1,4.814729936367151
PA1838,1080.1,1207.7,1123.6,1137.13333333333,1200.9,365.8,344.4,637.033333333333,613.2,558.3,1073.1,748.2,535.5,565.5,1151.3,750.766666666667,1342.5,411.6,420.9,725.0,574.5,348.0,401.8,441.433333333333,354.9,344.0,428.8,375.9,1092.2,2160.8,1029.3,1427.43333333333,542.5,145.0,539.2,408.9,618.7,542.2,650.2,603.7,0.0
PA4565,247.1,209.6,252.1,236.266666666667,288.0,69.0,67.6,141.533333333333,935.4,774.4,359.9,689.9,702.6,674.1,263.6,546.766666666667,233.5,73.3,66.3,124.366666666667,71.1,66.7,66.0,67.9333333333333,77.1,79.1,82.5,79.5666666666667,288.3,23.4,267.2,192.966666666667,689.3,53.0,649.5,463.933333333333,702.7,708.2,722.8,711.233333333333,0.0
PA3112,347.2,414.6,333.2,365.0,324.9,381.1,396.6,367.533333333333,70.3,153.7,332.7,185.566666666667,106.6,142.1,433.9,227.533333333333,455.0,357.5,360.8,391.1,321.8,269.7,279.3,290.266666666667,376.5,346.0,337.9,353.466666666667,438.2,24.5,415.1,292.6,138.0,52.3,146.7,112.333333333333,181.7,143.4,187.6,170.9,57.85872447147045
PA5320,234.2,312.4,312.7,286.433333333333,188.8,558.2,558.1,435.033333333333,563.7,548.2,269.2,460.366666666667,291.9,322.0,262.0,291.966666666667,247.5,511.1,568.0,442.2,597.9,576.0,506.9,560.266666666667,517.4,507.5,497.9,507.6,248.7,50.2,292.9,197.266666666667,272.7,58.4,304.2,211.766666666667,317.3,343.7,391.7,350.9,0.0
PA2204,499.7,1270.9,1167.7,979.433333333333,650.7,316.4,278.6,415.233333333333,753.2,877.9,785.7,805.6,670.7,706.7,747.8,708.4,803.6,468.9,498.7,590.4,840.6,269.2,315.5,475.1,217.6,257.1,447.9,307.533333333333,598.7,308.7,666.9,524.766666666667,672.1,98.7,664.0,478.266666666667,700.4,828.1,740.0,756.166666666667,0.0
PA4410,280.4,207.0,257.1,248.166666666667,252.5,351.0,302.6,302.033333333333,327.3,374.3,219.3,306.966666666667,326.0,320.2,207.7,284.633333333333,265.9,316.4,275.4,285.9,298.4,294.0,280.9,291.1,354.1,298.9,297.5,316.833333333333,189.9,730.3,207.0,375.733333333333,329.0,58.8,296.7,228.166666666667,280.9,342.4,284.3,302.533333333333,0.7460344480082506
PA0836,159.5,101.1,114.2,124.933333333333,246.9,0.0,0.0,82.3,0.0,0.0,119.9,39.9666666666667,0.0,0.0,147.0,49.0,186.9,0.0,0.0,62.3,0.0,0.0,0.0,0.0,0.0,0.0,0.0,0.0,180.5,17.7,320.8,173.0,0.0,0.0,0.0,0.0,0.0,0.0,0.0,0.0,0.0
PA5378,329.4,468.5,409.0,402.3,333.5,187.5,186.3,235.766666666667,182.5,255.2,410.0,282.566666666667,331.0,263.4,452.5,348.966666666667,397.0,189.2,178.8,255.0,186.5,179.4,173.5,179.8,175.5,177.5,187.6,180.2,366.1,77.7,370.1,271.3,290.9,57.5,274.3,207.566666666667,286.3,313.7,325.3,308.433333333333,0.0
PA3970,337.6,266.2,301.0,301.6,299.9,352.2,390.6,347.566666666667,280.2,239.8,243.9,254.633333333333,292.1,328.5,285.3,301.966666666667,328.3,357.9,381.0,355.733333333333,340.6,330.7,330.4,333.9,333.1,329.3,321.5,327.966666666667,296.9,44.3,231.8,191.0,315.7,44.7,275.8,212.066666666667,323.9,343.2,280.0,315.7,0.0
PA4411,127.3,131.4,119.6,126.1,193.7,226.5,265.0,228.4,143.4,136.5,149.4,143.1,153.7,176.3,148.3,159.433333333333,147.6,296.4,276.5,240.166666666667,267.7,299.2,268.3,278.4,283.5,248.8,258.7,263.666666666667,159.7,36.5,137.5,111.233333333333,117.2,46.3,150.7,104.733333333333,183.4,110.3,155.3,149.666666666667,0.7460344480082506
PA0651,996.5,1408.9,1122.9,1176.1,1113.5,323.5,300.1,579.033333333333,4881.8,3247.1,4115.3,4081.4,1098.6,1396.3,1237.7,1244.2,736.9,353.8,334.8,475.166666666667,242.3,342.8,291.2,292.1,298.4,295.7,321.9,305.333333333333,1172.0,371.6,1205.7,916.433333333333,1051.8,148.1,858.4,686.1,961.5,1107.6,1253.1,1107.4,0.0
PA2400,0.0,0.0,0.0,0.0,0.0,70.9,75.1,48.6666666666667,0.0,0.0,0.0,0.0,0.0,0.0,0.0,0.0,0.0,75.9,76.3,50.7333333333333,100.9,75.7,94.2,90.2666666666667,75.2,87.9,102.9,88.6666666666667,0.0,0.0,0.0,0.0,0.0,0.0,0.0,0.0,0.0,0.0,0.0,0.0,0.0
PA3527,232.4,192.8,311.0,245.4,234.9,339.6,307.1,293.866666666667,213.6,220.8,184.1,206.166666666667,199.3,197.1,214.7,203.7,279.5,364.1,320.5,321.366666666667,309.6,360.6,352.3,340.833333333333,405.3,352.0,350.1,369.133333333333,181.1,821.6,213.4,405.366666666667,192.4,51.7,176.6,140.233333333333,246.9,169.1,189.7,201.9,4.882012410522784
PA5426,485.8,564.8,473.5,508.033333333333,574.8,0.0,0.0,191.6,0.0,0.0,533.5,177.833333333333,0.0,0.0,580.4,193.466666666667,419.7,0.0,0.0,139.9,0.0,0.0,0.0,0.0,0.0,0.0,0.0,0.0,625.1,77.2,519.9,407.4,0.0,0.0,0.0,0.0,0.0,0.0,0.0,0.0,4.9737078124917415
PA0292,872.4,923.2,838.2,877.933333333333,784.8,386.6,388.4,519.933333333333,578.2,606.7,742.3,642.4,625.2,619.1,801.0,681.766666666667,804.4,420.5,488.2,571.033333333333,451.9,394.1,417.1,421.033333333333,362.9,391.5,455.9,403.433333333333,815.2,1151.9,707.9,891.666666666667,610.3,76.5,582.3,423.033333333333,658.1,544.6,690.5,631.066666666667,0.0
PA3152,699.7,721.3,600.9,673.966666666667,836.2,0.0,0.0,278.733333333333,171.8,210.6,775.7,386.033333333333,248.6,240.1,745.3,411.333333333333,701.2,0.0,0.0,233.733333333333,0.0,0.0,0.0,0.0,0.0,0.0,0.0,0.0,731.9,73.8,725.7,510.466666666667,207.8,28.9,221.2,152.633333333333,233.0,214.4,194.8,214.066666666667,0.0
PA0872,427.6,377.8,441.0,415.466666666667,340.1,0.0,0.0,113.366666666667,38.6,175.2,403.0,205.6,288.7,301.4,389.8,326.633333333333,487.4,0.0,0.0,162.466666666667,0.0,0.0,0.0,0.0,0.0,0.0,0.0,0.0,341.2,1509.3,276.1,708.866666666667,261.9,11.7,321.6,198.4,209.7,190.4,294.0,231.366666666667,0.0
PA4730,986.8,975.7,1100.4,1020.96666666667,922.3,149.5,199.5,423.766666666667,594.1,440.1,863.7,632.633333333333,654.8,602.5,841.6,699.633333333333,1098.6,140.6,196.7,478.633333333333,153.7,181.4,170.1,168.4,111.2,162.1,151.8,141.7,793.3,105.6,1062.9,653.933333333333,567.0,77.1,493.5,379.2,491.8,529.3,594.7,538.6,0.0
PA1049,388.8,304.7,409.1,367.533333333333,351.2,270.0,279.9,300.366666666667,0.0,0.0,341.7,113.9,0.0,0.0,425.5,141.833333333333,397.5,274.4,281.0,317.633333333333,646.9,633.2,627.8,635.966666666667,356.5,548.1,618.2,507.6,317.5,68.8,481.8,289.366666666667,0.0,0.0,0.0,0.0,0.0,0.0,0.0,0.0,37.092533222118654
PA3983,0.0,0.0,0.0,0.0,0.0,271.4,303.5,191.633333333333,0.0,0.0,0.0,0.0,0.0,0.0,0.0,0.0,0.0,271.4,307.8,193.066666666667,243.5,276.8,287.3,269.2,254.3,287.0,273.6,271.633333333333,0.0,0.0,0.0,0.0,0.0,0.0,0.0,0.0,0.0,0.0,0.0,0.0,166.16029334730226
PA2007,311.1,344.8,330.7,328.866666666667,230.9,182.9,164.0,192.6,56.0,81.6,333.6,157.066666666667,104.8,116.9,255.5,159.066666666667,252.2,144.1,163.5,186.6,160.4,162.0,189.1,170.5,146.1,159.2,144.5,149.933333333333,250.1,20.8,266.3,179.066666666667,119.8,24.6,156.9,100.433333333333,126.2,101.2,101.4,109.6,0.0
PA0035,853.2,911.9,981.0,915.366666666667,930.7,126.1,161.6,406.133333333333,499.8,528.3,891.1,639.733333333333,543.1,459.2,936.2,646.166666666667,935.6,122.0,121.0,392.866666666667,85.3,124.4,141.3,117.0,140.9,126.1,152.3,139.766666666667,887.4,1331.7,827.2,1015.43333333333,426.0,60.5,501.9,329.466666666667,508.0,418.3,439.2,455.166666666667,0.0
PA4557,0.0,0.0,0.0,0.0,0.0,842.7,878.2,573.633333333333,0.0,0.0,0.0,0.0,0.0,0.0,0.0,0.0,0.0,785.1,802.7,529.266666666667,887.4,870.7,792.9,850.333333333333,953.1,846.8,895.5,898.466666666667,0.0,0.0,0.0,0.0,0.0,0.0,0.0,0.0,0.0,0.0,0.0,0.0,0.012581389308138471
PA4748,0.0,0.0,0.0,0.0,0.0,209.2,179.0,129.4,0.0,0.0,0.0,0.0,0.0,0.0,0.0,0.0,0.0,206.0,180.5,128.833333333333,255.0,235.2,207.0,232.4,198.6,193.7,182.1,191.466666666667,0.0,0.0,0.0,0.0,0.0,0.0,0.0,0.0,0.0,0.0,0.0,0.0,4.000162563899252
PA4695,0.0,0.0,0.0,0.0,0.0,0.0,0.0,0.0,0.0,0.0,0.0,0.0,0.0,0.0,0.0,0.0,0.0,0.0,0.0,0.0,0.0,0.0,0.0,0.0,0.0,0.0,0.0,0.0,0.0,0.0,0.0,0.0,0.0,0.0,0.0,0.0,0.0,0.0,0.0,0.0,0.5245320995777463
PA3171,0.0,0.0,0.0,0.0,0.0,0.0,0.0,0.0,0.0,0.0,0.0,0.0,0.0,0.0,0.0,0.0,0.0,0.0,0.0,0.0,0.0,0.0,0.0,0.0,0.0,0.0,0.0,0.0,0.0,0.0,0.0,0.0,0.0,0.0,0.0,0.0,0.0,0.0,0.0,0.0,0.002795864290697438
PA3713,0.0,0.0,0.0,0.0,0.0,119.5,150.6,90.0333333333334,0.0,0.0,0.0,0.0,0.0,0.0,0.0,0.0,0.0,126.9,120.2,82.3666666666667,85.4,104.1,122.5,104.0,143.8,135.8,118.9,132.833333333333,0.0,0.0,0.0,0.0,0.0,0.0,0.0,0.0,0.0,0.0,0.0,0.0,0.0
PA1796,201.4,202.0,138.2,180.533333333333,221.9,148.4,196.3,188.866666666667,290.7,472.1,204.7,322.5,515.8,488.9,227.3,410.666666666667,219.3,147.2,155.8,174.1,103.0,142.5,166.9,137.466666666667,255.8,219.4,205.0,226.733333333333,267.9,8.1,225.8,167.266666666667,564.9,107.3,600.8,424.333333333333,492.8,482.7,522.0,499.166666666667,9.947415624983483
PA1810,128.8,158.2,212.7,166.566666666667,153.5,207.8,207.9,189.733333333333,52.2,227.5,155.5,145.066666666667,283.7,217.5,138.9,213.366666666667,123.2,212.4,205.6,180.4,160.8,239.3,232.6,210.9,219.3,187.2,188.3,198.266666666667,121.4,629.7,109.7,286.933333333333,282.4,65.3,331.8,226.5,271.5,218.3,241.7,243.833333333333,0.0
PA0898,0.0,0.0,0.0,0.0,0.0,100.4,118.2,72.8666666666667,0.0,0.0,0.0,0.0,0.0,0.0,0.0,0.0,0.0,114.9,117.6,77.5,95.1,127.3,132.2,118.2,102.8,102.9,95.7,100.466666666667,0.0,0.0,0.0,0.0,0.0,0.0,0.0,0.0,0.0,0.0,0.0,0.0,0.0
PA3480,346.6,268.7,297.8,304.366666666667,275.8,59.7,64.3,133.266666666667,297.3,316.1,270.6,294.666666666667,342.2,350.4,281.6,324.733333333333,229.6,68.0,56.0,117.866666666667,64.4,48.9,63.6,58.9666666666667,67.0,77.8,55.0,66.6,233.1,34.8,228.2,165.366666666667,282.7,51.7,302.5,212.3,313.2,230.7,307.4,283.766666666667,0.0
PA0607,0.0,0.0,0.0,0.0,0.0,133.8,112.8,82.2,0.0,0.0,0.0,0.0,0.0,0.0,0.0,0.0,0.0,119.3,143.7,87.6666666666667,128.0,153.2,146.9,142.7,138.1,117.8,110.7,122.2,0.0,0.0,0.0,0.0,0.0,0.0,0.0,0.0,0.0,0.0,0.0,0.0,6.5714121034399176
PA1687,0.0,0.0,0.0,0.0,0.0,214.8,227.9,147.566666666667,0.0,0.0,0.0,0.0,0.0,0.0,0.0,0.0,0.0,211.6,175.0,128.866666666667,179.2,174.6,221.0,191.6,306.8,235.7,201.4,247.966666666667,0.0,0.0,0.0,0.0,0.0,0.0,0.0,0.0,0.0,0.0,0.0,0.0,0.0
PA2552,214.6,278.6,275.7,256.3,199.4,191.0,191.4,193.933333333333,459.9,535.1,188.0,394.333333333333,477.5,580.0,225.4,427.633333333333,282.9,261.2,283.0,275.7,286.5,266.0,283.8,278.766666666667,139.0,169.0,193.1,167.033333333333,133.2,35.9,183.4,117.5,493.5,63.5,516.7,357.9,485.0,421.2,586.4,497.533333333333,0.0
PA2616,0.0,0.0,0.0,0.0,0.0,30.3,193.8,74.7,54.9,129.1,0.0,61.3333333333333,80.5,45.2,0.0,41.9,0.0,150.5,164.1,104.866666666667,171.9,212.8,169.0,184.566666666667,136.6,170.4,141.5,149.5,0.0,0.0,0.0,0.0,73.0,22.7,83.4,59.7,26.3,135.9,44.7,68.9666666666667,1.3250719219331435
PA1339,231.3,150.3,17.9,133.166666666667,228.4,844.3,757.4,610.033333333333,370.8,270.0,117.9,252.9,475.0,371.1,204.5,350.2,249.5,977.7,953.8,727.0,755.1,950.4,835.1,846.866666666667,766.8,786.9,915.8,823.166666666667,237.8,50.2,325.1,204.366666666667,386.8,67.5,392.7,282.333333333333,312.1,377.8,362.8,350.9,0.0
PA2040,193.5,193.2,194.3,193.666666666667,170.4,0.0,0.0,56.8,0.0,0.0,111.6,37.2,0.0,0.0,184.7,61.5666666666667,248.7,0.0,0.0,82.9,0.0,0.0,0.0,0.0,0.0,0.0,0.0,0.0,147.3,34.5,293.9,158.566666666667,0.0,0.0,0.0,0.0,0.0,0.0,0.0,0.0,0.0
PA2014,0.0,0.0,0.0,0.0,0.0,0.0,0.0,0.0,257.6,251.6,0.0,169.733333333333,389.3,321.3,0.0,236.866666666667,0.0,0.0,0.0,0.0,0.0,0.0,0.0,0.0,0.0,0.0,0.0,0.0,0.0,0.0,0.0,0.0,330.6,34.6,451.4,272.2,356.3,304.9,319.2,326.8,3.5033899409209375
PA4425,87.8,89.5,121.4,99.5666666666667,109.5,397.5,339.2,282.066666666667,90.2,111.1,126.1,109.133333333333,100.8,129.8,116.6,115.733333333333,91.3,457.7,418.5,322.5,395.2,407.5,410.1,404.266666666667,350.9,388.7,330.1,356.566666666667,107.0,571.6,114.7,264.433333333333,94.2,42.2,98.6,78.3333333333333,110.8,103.6,138.8,117.733333333333,0.0
PA5560,0.0,0.0,0.0,0.0,0.0,109.1,104.7,71.2666666666667,159.8,178.6,0.0,112.8,332.7,163.5,0.0,165.4,0.0,112.5,114.2,75.5666666666667,72.3,120.4,90.6,94.4333333333333,149.8,96.1,107.8,117.9,0.0,0.0,0.0,0.0,170.6,28.6,197.2,132.133333333333,187.9,257.3,140.7,195.3,369.8715475466668
PA4742,397.6,383.5,306.9,362.666666666667,388.6,318.3,322.7,343.2,10.7,14.1,411.9,145.566666666667,114.3,91.0,420.3,208.533333333333,378.1,273.1,328.5,326.566666666667,357.1,257.2,317.4,310.566666666667,298.2,359.4,238.7,298.766666666667,505.0,40.6,369.3,304.966666666667,73.3,18.8,72.2,54.7666666666667,91.6,73.0,70.1,78.2333333333333,0.0
PA4645,406.7,352.8,355.8,371.766666666667,338.3,717.8,659.7,571.933333333333,429.2,412.2,332.3,391.233333333333,410.2,435.4,336.5,394.033333333333,326.8,692.1,662.5,560.466666666667,675.3,663.9,670.0,669.733333333333,639.2,665.2,603.0,635.8,337.7,1302.3,344.6,661.533333333333,431.4,101.8,409.8,314.333333333333,472.2,389.5,386.7,416.133333333333,0.0
PA0892,305.9,224.0,296.2,275.366666666667,326.3,0.0,0.0,108.766666666667,203.5,252.7,163.8,206.666666666667,295.8,309.3,262.4,289.166666666667,282.6,0.0,0.0,94.2,0.0,0.0,0.0,0.0,0.0,0.0,0.0,0.0,286.9,42.4,275.9,201.733333333333,247.1,40.5,291.6,193.066666666667,265.1,271.2,269.9,268.733333333333,0.0
PA3181,191.1,239.6,243.8,224.833333333333,170.0,112.1,136.0,139.366666666667,0.0,0.0,180.0,60.0,0.0,0.0,16.3,5.43333333333333,234.7,78.2,81.3,131.4,63.2,56.4,79.7,66.4333333333333,100.3,98.4,96.8,98.5,179.1,47.9,175.2,134.066666666667,0.0,0.0,0.0,0.0,0.0,0.0,0.0,0.0,1.2225810745925354
PA5164,525.5,469.9,525.8,507.066666666667,371.4,484.1,454.5,436.666666666667,198.2,350.2,553.3,367.233333333333,202.4,256.3,458.3,305.666666666667,459.1,478.3,517.6,485.0,495.5,471.7,469.7,478.966666666667,440.0,414.3,457.0,437.1,453.1,791.1,396.2,546.8,256.4,43.7,303.3,201.133333333333,264.3,297.3,243.9,268.5,0.0
PA3163,131.9,138.8,119.3,130.0,147.0,196.5,205.7,183.066666666667,189.9,261.8,105.5,185.733333333333,285.8,304.1,89.3,226.4,156.4,176.5,285.4,206.1,306.4,266.9,287.1,286.8,284.2,316.0,303.6,301.266666666667,142.1,280.5,171.3,197.966666666667,256.8,96.3,314.2,222.433333333333,275.1,243.2,293.8,270.7,0.8146650879248581
PA3584,0.0,0.0,0.0,0.0,0.0,282.5,321.7,201.4,0.0,0.0,0.0,0.0,0.0,0.0,0.0,0.0,0.0,262.9,275.1,179.333333333333,262.0,184.6,261.9,236.166666666667,319.7,273.9,332.1,308.566666666667,0.0,0.0,0.0,0.0,0.0,0.0,0.0,0.0,0.0,0.0,0.0,0.0,4.000162563899252
PA0298,86.6,117.7,117.8,107.366666666667,127.5,282.8,241.9,217.4,0.0,0.0,108.6,36.2,0.0,0.0,97.9,32.6333333333333,140.2,278.2,243.0,220.466666666667,289.9,227.1,288.8,268.6,236.6,251.1,261.6,249.766666666667,116.2,230.6,125.5,157.433333333333,0.0,0.0,0.0,0.0,0.0,0.0,0.0,0.0,0.0
PA0400,0.0,0.0,0.0,0.0,0.0,454.8,458.4,304.4,0.0,0.0,0.0,0.0,0.0,0.0,0.0,0.0,0.0,383.7,451.7,278.466666666667,470.5,371.9,414.4,418.933333333333,393.3,380.8,503.0,425.7,0.0,0.0,0.0,0.0,0.0,0.0,0.0,0.0,0.0,0.0,0.0,0.0,0.5245320995777463
PA3165,0.0,0.0,0.0,0.0,0.0,108.5,98.3,68.9333333333333,221.3,140.4,0.0,120.566666666667,241.4,189.4,0.0,143.6,0.0,115.8,112.6,76.1333333333333,111.6,112.6,135.2,119.8,130.7,137.4,129.2,132.433333333333,0.0,0.0,0.0,0.0,222.8,8.2,218.7,149.9,214.7,245.0,220.3,226.666666666667,0.0
PA4470,0.0,0.0,0.0,0.0,0.0,141.4,125.8,89.0666666666667,0.0,0.0,0.0,0.0,0.0,0.0,0.0,0.0,0.0,143.2,113.3,85.5,129.3,123.4,122.1,124.933333333333,158.1,144.9,357.9,220.3,0.0,0.0,0.0,0.0,0.0,0.0,0.0,0.0,0.0,0.0,0.0,0.0,0.0
PA4400,100.8,110.2,110.0,107.0,238.8,116.5,134.5,163.266666666667,0.0,0.0,123.3,41.1,0.0,0.0,105.0,35.0,135.3,109.7,103.6,116.2,94.4,95.4,100.7,96.8333333333333,118.2,106.2,130.3,118.233333333333,141.6,17.4,142.7,100.566666666667,0.0,0.0,0.0,0.0,0.0,0.0,0.0,0.0,0.0
PA3816,1014.9,1013.3,937.4,988.533333333333,944.7,338.0,309.4,530.7,931.1,676.1,1018.9,875.366666666667,667.3,686.0,983.7,779.0,981.7,295.1,325.8,534.2,351.1,350.3,340.0,347.133333333333,314.7,313.8,296.1,308.2,882.1,76.8,876.7,611.866666666667,667.5,115.2,643.0,475.233333333333,777.4,691.7,697.3,722.133333333333,0.0
PA3050,502.8,446.4,391.3,446.833333333333,356.6,359.0,346.8,354.133333333333,553.8,644.1,423.8,540.566666666667,524.4,683.3,433.0,546.9,379.2,340.2,372.0,363.8,349.1,328.2,322.7,333.333333333333,419.0,379.7,400.1,399.6,465.8,477.5,412.3,451.866666666667,633.1,71.9,632.8,445.933333333333,713.0,673.7,677.4,688.033333333333,4.882012410522785
PA4231,0.0,0.0,0.0,0.0,0.0,156.7,204.0,120.233333333333,0.0,0.0,0.0,0.0,0.0,0.0,0.0,0.0,0.0,124.7,126.6,83.7666666666667,126.9,122.5,108.5,119.3,159.8,169.7,122.7,150.733333333333,0.0,0.0,0.0,0.0,0.0,0.0,0.0,0.0,0.0,0.0,0.0,0.0,0.0
PA0500,714.3,712.8,705.5,710.866666666667,564.9,695.6,641.9,634.133333333333,288.8,215.5,667.2,390.5,237.0,211.2,682.3,376.833333333333,620.7,675.4,675.6,657.233333333333,571.8,713.0,673.9,652.9,676.2,720.9,608.7,668.6,687.5,46.1,628.7,454.1,209.4,37.2,207.7,151.433333333333,217.3,177.9,267.2,220.8,0.0
PA0744,0.0,0.0,0.0,0.0,0.0,127.2,128.6,85.2666666666667,0.0,0.0,0.0,0.0,0.0,0.0,0.0,0.0,0.0,135.8,112.6,82.8,144.0,142.2,113.6,133.266666666667,152.9,127.9,112.9,131.233333333333,0.0,0.0,0.0,0.0,0.0,0.0,0.0,0.0,0.0,0.0,0.0,0.0,8.347811956055262
PA2776,181.4,288.6,261.0,243.666666666667,250.7,0.0,0.0,83.5666666666667,369.2,257.8,264.8,297.266666666667,289.4,259.7,241.2,263.433333333333,227.3,0.0,0.0,75.7666666666667,0.0,0.0,0.0,0.0,0.0,0.0,0.0,0.0,192.4,1027.3,215.3,478.333333333333,239.6,28.2,222.4,163.4,252.6,281.0,271.0,268.2,0.0
PA0649,0.0,0.0,0.0,0.0,0.0,0.0,0.0,0.0,0.0,0.0,0.0,0.0,0.0,0.0,0.0,0.0,0.0,0.0,0.0,0.0,0.0,0.0,0.0,0.0,0.0,0.0,0.0,0.0,0.0,0.0,0.0,0.0,0.0,0.0,0.0,0.0,0.0,0.0,0.0,0.0,0.0
PA3151,0.0,0.0,0.0,0.0,0.0,0.0,0.0,0.0,0.0,0.0,0.0,0.0,0.0,0.0,0.0,0.0,0.0,0.0,0.0,0.0,0.0,0.0,0.0,0.0,0.0,0.0,0.0,0.0,0.0,0.0,0.0,0.0,0.0,0.0,0.0,0.0,0.0,0.0,0.0,0.0,0.0
PA4068,0.0,0.0,0.0,0.0,0.0,599.6,587.4,395.666666666667,42.9,50.2,0.0,31.0333333333333,79.5,105.8,0.0,61.7666666666667,0.0,520.6,537.6,352.733333333333,606.1,613.5,530.0,583.2,531.3,581.0,550.7,554.333333333333,0.0,0.0,0.0,0.0,77.1,17.7,69.6,54.8,49.3,45.5,74.8,56.5333333333333,0.0
PA5203,173.5,153.8,148.3,158.533333333333,139.2,7.8,89.7,78.9,0.0,0.0,160.7,53.5666666666667,0.0,0.0,182.5,60.8333333333333,187.3,58.2,62.6,102.7,56.0,70.8,74.2,67.0,69.5,61.3,101.3,77.3666666666667,172.7,7.1,195.6,125.133333333333,0.0,0.0,0.0,0.0,0.0,0.0,0.0,0.0,0.0
PA0604,334.9,249.9,237.2,274.0,168.5,148.8,146.6,154.633333333333,0.0,0.0,263.8,87.9333333333333,0.0,0.0,270.8,90.2666666666667,275.4,133.2,140.8,183.133333333333,160.3,92.3,112.9,121.833333333333,148.1,144.3,134.9,142.433333333333,278.4,42.9,276.1,199.133333333333,0.0,0.0,0.0,0.0,0.0,0.0,0.0,0.0,0.0
PA0950,295.8,249.7,330.6,292.033333333333,346.9,340.4,395.4,360.9,262.1,278.6,305.3,282.0,169.7,227.2,253.6,216.833333333333,276.5,297.7,360.0,311.4,308.6,365.2,381.6,351.8,381.0,353.4,363.3,365.9,280.3,15.1,271.4,188.933333333333,183.9,25.2,180.4,129.833333333333,255.6,199.8,224.0,226.466666666667,0.0
PA4412,142.3,120.9,143.5,135.566666666667,149.3,846.6,796.2,597.366666666667,178.5,143.2,85.0,135.566666666667,240.7,174.1,134.6,183.133333333333,152.3,835.9,721.6,569.933333333333,815.5,758.8,746.3,773.533333333333,1019.4,836.8,809.2,888.466666666667,126.4,14.6,152.0,97.6666666666667,203.0,14.0,199.8,138.933333333333,232.2,195.8,218.7,215.566666666667,0.7460344480082508
PA2550,317.5,365.2,389.9,357.533333333333,418.0,151.0,153.8,240.933333333333,72.3,122.0,326.4,173.566666666667,140.1,161.3,450.4,250.6,400.3,154.9,167.0,240.733333333333,113.0,132.8,135.4,127.066666666667,158.7,176.6,136.2,157.166666666667,346.2,273.4,350.9,323.5,129.6,8.9,153.5,97.3333333333333,151.3,129.1,183.7,154.7,0.0
PA2644,465.9,450.3,487.7,467.966666666667,427.5,249.5,254.7,310.566666666667,166.8,174.3,458.6,266.566666666667,144.6,152.7,460.1,252.466666666667,482.2,255.4,271.0,336.2,234.8,232.0,252.5,239.766666666667,207.9,235.5,180.6,208.0,477.4,1062.2,394.9,644.833333333333,170.6,35.9,186.3,130.933333333333,205.7,204.8,122.8,177.766666666667,80.75119569407249
PA3537,486.6,539.1,418.9,481.533333333333,559.6,823.7,761.0,714.766666666667,59.2,116.8,620.6,265.533333333333,67.7,62.7,569.8,233.4,522.0,668.0,618.6,602.866666666667,960.8,963.9,952.8,959.166666666667,801.8,986.2,1073.6,953.866666666667,655.2,29.4,495.4,393.333333333333,97.0,46.6,90.8,78.1333333333333,112.6,100.7,68.3,93.8666666666667,29.50837682182969
PA2638,610.6,799.8,738.7,716.366666666667,538.0,380.6,368.8,429.133333333333,217.5,160.9,653.5,343.966666666667,285.4,274.6,709.8,423.266666666667,658.1,337.6,346.1,447.266666666667,349.5,324.4,329.6,334.5,303.0,330.6,252.6,295.4,641.3,47.5,613.6,434.133333333333,296.7,42.8,271.0,203.5,289.1,326.1,255.4,290.2,80.75119569407249
PA0403,0.0,0.0,0.0,0.0,0.0,330.2,331.6,220.6,0.0,0.0,0.0,0.0,0.0,0.0,0.0,0.0,0.0,438.3,384.6,274.3,334.0,396.8,355.2,362.0,379.3,308.9,394.8,361.0,0.0,0.0,0.0,0.0,0.0,0.0,0.0,0.0,0.0,0.0,0.0,0.0,0.0
PA4376,19.6,14.8,196.9,77.1,230.3,182.2,185.0,199.166666666667,54.3,143.1,10.1,69.1666666666667,122.9,145.5,30.4,99.6,15.7,198.7,214.2,142.866666666667,184.7,233.7,175.6,198.0,196.1,211.4,192.4,199.966666666667,226.5,25.8,247.3,166.533333333333,120.4,23.3,154.4,99.3666666666667,136.8,127.8,148.2,137.6,0.0
PA0936,326.0,467.0,427.8,406.933333333333,342.2,948.7,952.6,747.833333333333,505.2,644.8,437.3,529.1,539.7,535.8,381.4,485.633333333333,349.8,789.5,873.9,671.066666666667,883.3,865.9,963.2,904.133333333333,794.4,818.6,897.6,836.866666666667,294.1,313.2,420.3,342.533333333333,441.4,73.8,473.8,329.666666666667,487.7,486.6,449.8,474.7,0.0
PA4758,241.8,190.2,225.3,219.1,247.4,270.6,302.0,273.333333333333,830.4,772.2,204.6,602.4,797.6,794.5,243.0,611.7,240.2,280.0,291.3,270.5,216.8,261.2,280.2,252.733333333333,296.9,335.3,297.5,309.9,211.0,8.6,218.6,146.066666666667,797.4,79.4,845.5,574.1,877.2,693.2,961.7,844.033333333333,0.0
PA4666,0.0,0.0,0.0,0.0,0.0,120.8,95.7,72.1666666666667,0.0,0.0,0.0,0.0,0.0,0.0,0.0,0.0,0.0,122.7,94.4,72.3666666666667,245.8,159.7,141.9,182.466666666667,135.7,117.0,94.2,115.633333333333,0.0,0.0,0.0,0.0,0.0,0.0,0.0,0.0,0.0,0.0,0.0,0.0,0.011183457162789748
PA0390,0.0,0.0,0.0,0.0,0.0,171.8,173.0,114.933333333333,0.0,0.0,0.0,0.0,0.0,0.0,0.0,0.0,0.0,156.4,160.9,105.766666666667,189.9,139.3,176.7,168.633333333333,154.7,185.0,192.0,177.233333333333,0.0,0.0,0.0,0.0,0.0,0.0,0.0,0.0,0.0,0.0,0.0,0.0,0.0
PA5369,0.0,0.0,0.0,0.0,0.0,195.1,198.7,131.266666666667,305.6,404.6,0.0,236.733333333333,410.3,364.1,0.0,258.133333333333,0.0,181.9,189.0,123.633333333333,171.1,157.6,172.1,166.933333333333,183.7,219.0,185.4,196.033333333333,0.0,0.0,0.0,0.0,429.6,85.8,440.9,318.766666666667,392.3,351.4,426.4,390.033333333333,175.92503497386124
PA0393,568.6,424.1,443.3,478.666666666667,446.6,333.1,303.4,361.033333333333,0.0,0.0,451.1,150.366666666667,0.0,0.0,447.5,149.166666666667,504.9,270.4,295.9,357.066666666667,345.0,241.0,310.3,298.766666666667,275.2,301.5,286.1,287.6,546.4,61.7,451.0,353.033333333333,0.0,0.0,0.0,0.0,0.0,0.0,0.0,0.0,0.0
PA3169,154.5,151.7,185.2,163.8,182.7,156.5,166.2,168.466666666667,199.4,181.6,131.6,170.866666666667,233.4,200.1,176.1,203.2,183.8,249.0,157.5,196.766666666667,109.5,139.8,145.7,131.666666666667,212.2,190.0,140.3,180.833333333333,195.5,8.1,128.7,110.766666666667,186.7,32.4,167.4,128.833333333333,164.2,187.7,200.7,184.2,0.0
PA0437,260.2,193.3,268.8,240.766666666667,262.9,0.0,0.0,87.6333333333333,0.0,0.0,242.1,80.7,0.0,0.0,256.6,85.5333333333334,282.3,0.0,0.0,94.1,0.0,0.0,0.0,0.0,0.0,0.0,0.0,0.0,258.5,12.8,267.0,179.433333333333,0.0,0.0,0.0,0.0,0.0,0.0,0.0,0.0,0.0
PA0654,0.0,0.0,0.0,0.0,0.0,0.0,0.0,0.0,0.0,0.0,0.0,0.0,0.0,0.0,0.0,0.0,0.0,0.0,0.0,0.0,0.0,0.0,0.0,0.0,0.0,0.0,0.0,0.0,0.0,0.0,0.0,0.0,0.0,0.0,0.0,0.0,0.0,0.0,0.0,0.0,0.0
PA4224,155.8,136.5,111.3,134.533333333333,108.4,0.0,0.0,36.1333333333333,56.7,52.1,164.4,91.0666666666667,99.8,117.0,139.5,118.766666666667,112.5,0.0,0.0,37.5,0.0,0.0,0.0,0.0,0.0,0.0,0.0,0.0,137.0,15.9,121.5,91.4666666666667,114.7,13.5,114.9,81.0333333333333,97.6,115.9,108.6,107.366666666667,0.0
PA4729,140.7,126.4,155.8,140.966666666667,178.3,490.6,483.0,383.966666666667,172.2,141.6,127.8,147.2,183.2,165.9,185.9,178.333333333333,182.4,520.4,474.0,392.266666666667,434.4,462.0,480.8,459.066666666667,499.9,468.6,415.9,461.466666666667,161.6,52.9,229.8,148.1,170.5,40.1,145.0,118.533333333333,158.0,133.2,186.6,159.266666666667,0.0
PA0314,0.0,0.0,0.0,0.0,0.0,78.8,90.8,56.5333333333333,0.0,0.0,0.0,0.0,0.0,0.0,0.0,0.0,0.0,73.4,84.8,52.7333333333333,68.5,68.6,73.7,70.2666666666667,64.8,80.6,67.7,71.0333333333333,0.0,0.0,0.0,0.0,0.0,0.0,0.0,0.0,0.0,0.0,0.0,0.0,0.0
PA5065,0.0,0.0,0.0,0.0,0.0,0.0,0.0,0.0,0.0,0.0,0.0,0.0,0.0,0.0,0.0,0.0,0.0,0.0,0.0,0.0,0.0,0.0,0.0,0.0,0.0,0.0,0.0,0.0,0.0,0.0,0.0,0.0,0.0,0.0,0.0,0.0,0.0,0.0,0.0,0.0,0.001397932145348719
PA3120,152.6,105.8,155.4,137.933333333333,168.7,277.0,258.1,234.6,119.6,79.4,194.9,131.3,104.6,100.8,138.8,114.733333333333,129.4,294.7,260.4,228.166666666667,229.5,257.1,279.8,255.466666666667,272.5,318.2,261.0,283.9,115.9,22.8,198.0,112.233333333333,64.4,11.2,62.5,46.0333333333333,85.5,71.4,22.6,59.8333333333333,0.0
PA4524,162.9,165.7,142.8,157.133333333333,213.5,0.0,0.0,71.1666666666667,193.1,198.5,121.4,171.0,220.2,264.6,147.8,210.866666666667,160.7,0.0,0.0,53.5666666666667,0.0,0.0,0.0,0.0,0.0,0.0,0.0,0.0,139.3,45.0,154.3,112.866666666667,183.4,15.1,184.2,127.566666666667,218.4,190.6,185.9,198.3,0.0
PA5215,675.8,684.8,631.0,663.866666666667,636.8,0.0,0.0,212.266666666667,207.8,236.9,630.8,358.5,322.8,324.5,635.4,427.566666666667,715.7,0.0,0.0,238.566666666667,0.0,0.0,0.0,0.0,0.0,0.0,0.0,0.0,756.4,93.6,598.6,482.866666666667,279.4,13.1,270.9,187.8,291.5,303.1,311.3,301.966666666667,6.5607514187273015
PA0534,0.0,0.0,0.0,0.0,0.0,0.0,0.0,0.0,0.0,0.0,0.0,0.0,0.0,0.0,0.0,0.0,0.0,0.0,0.0,0.0,0.0,0.0,0.0,0.0,0.0,0.0,0.0,0.0,0.0,0.0,0.0,0.0,0.0,0.0,0.0,0.0,0.0,0.0,0.0,0.0,0.0
PA2396,414.1,313.2,323.1,350.133333333333,333.9,212.8,161.4,236.033333333333,361.7,487.7,388.8,412.733333333333,519.5,585.2,411.2,505.3,324.7,165.0,196.4,228.7,261.1,87.9,138.3,162.433333333333,143.7,222.8,468.4,278.3,401.2,62.5,391.2,284.966666666667,492.0,65.9,500.7,352.866666666667,441.7,405.7,575.1,474.166666666667,0.0
PA2979,0.0,0.0,0.0,0.0,0.0,586.7,516.9,367.866666666667,111.1,141.7,0.0,84.2666666666667,143.0,130.3,0.0,91.1,0.0,642.5,554.8,399.1,618.1,530.5,573.8,574.133333333333,583.4,498.1,601.0,560.833333333333,0.0,0.0,0.0,0.0,164.2,20.4,156.6,113.733333333333,213.6,170.4,112.3,165.433333333333,0.0
PA4847,0.0,0.0,0.0,0.0,0.0,0.0,0.0,0.0,0.0,0.0,0.0,0.0,0.0,0.0,0.0,0.0,0.0,0.0,0.0,0.0,0.0,0.0,0.0,0.0,0.0,0.0,0.0,0.0,0.0,0.0,0.0,0.0,0.0,0.0,0.0,0.0,0.0,0.0,0.0,0.0,57.85872447147045
PA5237,0.0,0.0,0.0,0.0,0.0,0.0,0.0,0.0,0.0,0.0,0.0,0.0,0.0,0.0,0.0,0.0,0.0,0.0,0.0,0.0,0.0,0.0,0.0,0.0,0.0,0.0,0.0,0.0,0.0,0.0,0.0,0.0,0.0,0.0,0.0,0.0,0.0,0.0,0.0,0.0,0.001397932145348719
PA5204,286.3,267.3,305.2,286.266666666667,258.5,0.0,0.0,86.1666666666667,180.0,149.8,193.7,174.5,209.8,222.6,326.8,253.066666666667,309.1,0.0,0.0,103.033333333333,0.0,0.0,0.0,0.0,0.0,0.0,0.0,0.0,294.9,14.5,248.5,185.966666666667,253.9,14.1,234.9,167.633333333333,307.3,178.6,192.3,226.066666666667,0.0
PA4930,0.0,0.0,0.0,0.0,0.0,82.5,86.1,56.2,152.1,160.5,0.0,104.2,212.0,152.9,0.0,121.633333333333,0.0,77.7,75.6,51.1,88.8,89.2,85.0,87.6666666666667,67.0,92.1,87.1,82.0666666666667,0.0,0.0,0.0,0.0,187.7,36.3,175.6,133.2,208.7,206.5,233.1,216.1,1.4920688960165014
PA1772,704.0,829.5,691.5,741.666666666667,607.7,560.5,595.2,587.8,1012.9,579.2,854.5,815.533333333333,619.4,583.5,850.1,684.333333333333,657.8,690.1,647.3,665.066666666667,647.8,587.2,706.3,647.1,532.1,550.1,541.3,541.166666666667,865.7,1845.7,628.2,1113.2,427.8,64.8,391.9,294.833333333333,495.3,507.0,471.6,491.3,0.0
PA1070,363.8,349.6,409.8,374.4,252.8,141.5,160.2,184.833333333333,43.4,80.6,367.0,163.666666666667,67.0,50.9,304.6,140.833333333333,337.8,193.1,163.1,231.333333333333,143.0,172.1,165.5,160.2,325.1,251.0,242.8,272.966666666667,265.5,25.6,306.7,199.266666666667,84.3,30.4,82.3,65.6666666666667,41.6,79.2,38.0,52.9333333333333,0.0
PA3570,211.3,145.5,151.5,169.433333333333,152.6,61.2,104.4,106.066666666667,0.0,0.0,174.8,58.2666666666667,0.0,0.0,156.6,52.2,187.5,67.6,59.7,104.933333333333,56.2,70.2,95.7,74.0333333333334,83.5,75.5,53.6,70.8666666666667,191.2,270.7,163.2,208.366666666667,0.0,0.0,0.0,0.0,0.0,0.0,0.0,0.0,0.0
PA4770,897.3,896.5,1128.9,974.233333333333,1030.2,0.0,0.0,343.4,537.4,742.6,919.1,733.033333333333,903.3,921.9,999.9,941.7,831.3,0.0,0.0,277.1,0.0,0.0,0.0,0.0,0.0,0.0,0.0,0.0,1111.0,840.3,932.9,961.4,884.9,78.7,915.6,626.4,917.4,778.3,894.1,863.266666666667,10.001397932145348
PA5278,0.0,0.0,0.0,0.0,0.0,79.8,83.7,54.5,0.0,0.0,0.0,0.0,0.0,0.0,0.0,0.0,0.0,68.7,74.6,47.7666666666667,111.0,83.2,79.1,91.1,75.8,78.9,82.1,78.9333333333333,0.0,0.0,0.0,0.0,0.0,0.0,0.0,0.0,0.0,0.0,0.0,0.0,0.7460344480082507
PA4047,245.1,288.0,34.7,189.266666666667,267.4,0.0,0.0,89.1333333333333,257.3,348.2,271.3,292.266666666667,187.5,232.1,302.0,240.533333333333,311.7,0.0,0.0,103.9,0.0,0.0,0.0,0.0,0.0,0.0,0.0,0.0,286.8,19.7,256.8,187.766666666667,286.8,13.7,281.5,194.0,300.0,315.9,289.6,301.833333333333,0.0
PA5223,199.1,256.2,295.1,250.133333333333,176.4,0.0,0.0,58.8,0.0,0.0,193.4,64.4666666666667,0.0,0.0,177.5,59.1666666666667,177.4,0.0,0.0,59.1333333333333,0.0,0.0,0.0,0.0,0.0,0.0,0.0,0.0,121.6,334.8,144.0,200.133333333333,0.0,0.0,0.0,0.0,0.0,0.0,0.0,0.0,0.001397932145348719
PA3356,0.0,0.0,0.0,0.0,0.0,0.0,0.0,0.0,0.0,0.0,0.0,0.0,0.0,0.0,0.0,0.0,0.0,0.0,0.0,0.0,0.0,0.0,0.0,0.0,0.0,0.0,0.0,0.0,0.0,0.0,0.0,0.0,0.0,0.0,0.0,0.0,0.0,0.0,0.0,0.0,0.0
PA5020,442.1,518.4,477.6,479.366666666667,393.0,161.4,144.8,233.066666666667,0.0,0.0,477.7,159.233333333333,0.0,0.0,386.9,128.966666666667,352.9,190.6,164.0,235.833333333333,181.5,168.1,172.8,174.133333333333,179.9,148.1,171.7,166.566666666667,405.9,46.7,434.0,295.533333333333,0.0,0.0,0.0,0.0,0.0,0.0,0.0,0.0,0.0
PA0783,664.9,574.2,753.7,664.266666666667,646.3,478.5,372.1,498.966666666667,310.7,257.7,681.2,416.533333333333,181.7,238.7,547.2,322.533333333333,413.6,461.3,429.0,434.633333333333,446.4,535.0,490.9,490.766666666667,462.2,466.0,490.2,472.8,520.9,1021.2,560.6,700.9,167.7,18.8,160.4,115.633333333333,203.4,230.0,67.4,166.933333333333,10.0
PA5503,138.7,159.5,153.3,150.5,206.1,0.0,0.0,68.7,353.5,369.0,141.8,288.1,428.9,431.7,171.8,344.133333333333,138.2,0.0,0.0,46.0666666666667,0.0,0.0,0.0,0.0,0.0,0.0,0.0,0.0,182.2,53.4,178.4,138.0,434.3,67.4,454.3,318.666666666667,399.6,462.3,496.7,452.866666666667,1.6970247604018005
PA0901,0.0,0.0,0.0,0.0,0.0,0.0,0.0,0.0,0.0,0.0,0.0,0.0,0.0,0.0,0.0,0.0,0.0,0.0,0.0,0.0,0.0,0.0,0.0,0.0,0.0,0.0,0.0,0.0,0.0,0.0,0.0,0.0,0.0,0.0,0.0,0.0,0.0,0.0,0.0,0.0,0.0
PA5336,0.0,0.0,0.0,0.0,0.0,29.7,49.9,26.5333333333333,34.8,84.3,0.0,39.7,141.2,119.4,0.0,86.8666666666667,0.0,29.7,14.5,14.7333333333333,114.2,225.9,178.1,172.733333333333,37.9,171.0,166.8,125.233333333333,0.0,0.0,0.0,0.0,117.5,17.6,108.1,81.0666666666667,114.0,146.0,132.6,130.866666666667,0.875944282275507
PA1341,0.0,0.0,0.0,0.0,0.0,0.0,0.0,0.0,230.5,214.9,0.0,148.466666666667,241.5,230.3,0.0,157.266666666667,0.0,0.0,0.0,0.0,0.0,0.0,0.0,0.0,0.0,0.0,0.0,0.0,0.0,0.0,0.0,0.0,226.4,15.2,257.8,166.466666666667,234.5,251.9,286.2,257.533333333333,0.0
PA3172,0.0,0.0,0.0,0.0,0.0,377.2,378.8,252.0,0.0,0.0,0.0,0.0,0.0,0.0,0.0,0.0,0.0,280.6,373.0,217.866666666667,332.5,332.3,367.3,344.033333333333,361.7,447.0,329.5,379.4,0.0,0.0,0.0,0.0,0.0,0.0,0.0,0.0,0.0,0.0,0.0,0.0,0.0
PA3673,0.0,0.0,0.0,0.0,0.0,92.6,94.3,62.3,0.0,0.0,0.0,0.0,0.0,0.0,0.0,0.0,0.0,103.5,88.9,64.1333333333333,93.0,88.4,87.9,89.7666666666667,106.2,98.8,85.7,96.9,0.0,0.0,0.0,0.0,0.0,0.0,0.0,0.0,0.0,0.0,0.0,0.0,1.2884522506264464
PA3645,208.6,213.8,178.2,200.2,279.9,0.0,0.0,93.3,0.0,0.0,462.2,154.066666666667,0.0,0.0,196.7,65.5666666666667,200.1,0.0,0.0,66.7,0.0,0.0,0.0,0.0,0.0,0.0,0.0,0.0,202.9,46.0,176.2,141.7,0.0,0.0,0.0,0.0,0.0,0.0,0.0,0.0,56.43154758564103
PA2876,408.4,406.6,354.2,389.733333333333,386.3,313.7,374.4,358.133333333333,0.0,0.0,392.5,130.833333333333,0.0,0.0,471.8,157.266666666667,414.9,297.9,334.7,349.166666666667,284.0,289.4,334.3,302.566666666667,369.3,412.5,316.8,366.2,501.1,1842.7,360.6,901.466666666667,0.0,0.0,0.0,0.0,0.0,0.0,0.0,0.0,4.882012410522785
PA2975,0.0,0.0,0.0,0.0,0.0,194.4,208.8,134.4,196.1,151.0,0.0,115.7,126.0,106.3,0.0,77.4333333333333,0.0,174.6,177.1,117.233333333333,142.2,167.7,183.6,164.5,179.6,156.2,187.3,174.366666666667,0.0,0.0,0.0,0.0,120.6,52.6,128.4,100.533333333333,119.3,98.9,181.7,133.3,0.0
PA0913,0.0,0.0,0.0,0.0,0.0,314.9,351.7,222.2,0.0,0.0,0.0,0.0,0.0,0.0,0.0,0.0,0.0,276.6,304.9,193.833333333333,303.5,282.9,282.1,289.5,337.5,312.8,321.5,323.933333333333,0.0,0.0,0.0,0.0,0.0,0.0,0.0,0.0,0.0,0.0,0.0,0.0,271.81770560502883
PA4957,132.5,146.5,143.2,140.733333333333,237.5,0.0,0.0,79.1666666666667,169.8,152.5,179.0,167.1,126.6,130.8,159.9,139.1,194.9,0.0,0.0,64.9666666666667,0.0,0.0,0.0,0.0,0.0,0.0,0.0,0.0,168.2,306.3,197.6,224.033333333333,163.0,9.6,164.1,112.233333333333,99.0,116.0,160.9,125.3,1.9957256748677552
PA5553,240.9,236.6,8.6,162.033333333333,212.2,157.9,195.2,188.433333333333,256.5,222.1,185.8,221.466666666667,270.8,312.3,242.5,275.2,270.0,146.5,232.2,216.233333333333,198.9,219.9,221.5,213.433333333333,220.7,248.5,237.2,235.466666666667,237.4,967.0,180.0,461.466666666667,313.3,80.4,291.2,228.3,357.5,322.0,307.0,328.833333333333,369.8715475466668
PA5018,582.7,617.5,749.2,649.8,532.0,158.7,131.0,273.9,168.8,216.9,502.8,296.166666666667,290.3,273.3,537.1,366.9,529.4,155.9,154.1,279.8,113.1,176.1,153.4,147.533333333333,176.3,144.9,221.8,181.0,459.5,2263.7,458.2,1060.46666666667,159.6,34.6,184.5,126.233333333333,135.8,320.6,149.4,201.933333333333,0.0
PA1685,0.0,0.0,0.0,0.0,0.0,410.8,405.7,272.166666666667,256.3,365.9,0.0,207.4,324.7,334.0,0.0,219.566666666667,0.0,378.6,374.3,250.966666666667,459.2,363.8,382.3,401.766666666667,427.3,391.2,398.3,405.6,0.0,0.0,0.0,0.0,263.2,23858.8,312.9,8144.96666666667,233.1,388.2,187.1,269.466666666667,0.0
PA4548,844.4,741.0,810.4,798.6,740.5,94.7,90.8,308.666666666667,269.9,246.4,726.3,414.2,235.7,273.3,766.8,425.266666666667,765.8,117.1,118.2,333.7,106.9,103.3,117.3,109.166666666667,82.8,97.6,91.2,90.5333333333333,644.8,248.1,690.3,527.733333333333,279.2,50.7,283.4,204.433333333333,368.8,338.4,221.9,309.7,0.0
PA1806,0.0,0.0,0.0,0.0,0.0,233.5,241.5,158.333333333333,139.0,204.5,0.0,114.5,198.7,188.4,0.0,129.033333333333,0.0,271.3,243.6,171.633333333333,276.9,246.6,247.3,256.933333333333,244.0,228.9,257.9,243.6,0.0,0.0,0.0,0.0,215.6,50.5,223.1,163.066666666667,228.6,225.9,233.5,229.333333333333,49.43760219687195
PA0330,420.8,459.4,364.5,414.9,686.8,341.3,344.6,457.566666666667,292.8,215.8,494.8,334.466666666667,240.2,225.8,551.1,339.033333333333,574.9,306.4,308.1,396.466666666667,363.1,428.6,321.6,371.1,395.9,314.1,347.7,352.566666666667,707.9,745.8,896.0,783.233333333333,206.4,52.4,206.4,155.066666666667,180.5,208.9,203.4,197.6,6.5714121034399176
PA2640,172.6,193.9,185.3,183.933333333333,210.2,186.5,210.0,202.233333333333,291.6,526.7,151.8,323.366666666667,492.4,520.2,239.8,417.466666666667,190.1,172.3,149.9,170.766666666667,149.3,136.9,166.5,150.9,189.0,151.8,128.9,156.566666666667,184.1,8.9,280.9,157.966666666667,595.9,77.9,578.5,417.433333333333,688.6,485.1,691.1,621.6,80.75119569407249
PA5338,0.0,0.0,0.0,0.0,0.0,0.0,0.0,0.0,0.0,0.0,0.0,0.0,0.0,0.0,0.0,0.0,0.0,0.0,0.0,0.0,0.0,0.0,0.0,0.0,0.0,0.0,0.0,0.0,0.0,0.0,0.0,0.0,0.0,0.0,0.0,0.0,0.0,0.0,0.0,0.0,0.0
PA5302,107.8,101.2,130.8,113.266666666667,117.9,0.0,0.0,39.3,56.7,98.9,118.6,91.4,155.9,103.3,72.8,110.666666666667,110.0,0.0,0.0,36.6666666666667,0.0,0.0,0.0,0.0,0.0,0.0,0.0,0.0,115.1,191.3,103.5,136.633333333333,89.5,25.8,121.5,78.9333333333333,81.9,127.1,73.1,94.0333333333334,1.4920688960165014
PA5453,171.5,222.2,222.6,205.433333333333,236.9,578.8,569.8,461.833333333333,129.8,206.1,180.1,172.0,193.4,221.2,200.8,205.133333333333,232.3,538.7,584.6,451.866666666667,533.2,513.4,515.7,520.766666666667,485.6,539.0,473.7,499.433333333333,177.2,11.7,262.6,150.5,165.2,36.5,208.5,136.733333333333,185.9,241.4,149.9,192.4,0.0
PA5025,477.1,378.9,426.8,427.6,360.7,129.5,109.8,200.0,0.0,0.0,383.2,127.733333333333,0.0,0.0,398.9,132.966666666667,406.5,173.6,146.5,242.2,154.0,190.0,145.1,163.033333333333,143.0,107.4,138.2,129.533333333333,401.5,54.0,452.6,302.7,0.0,0.0,0.0,0.0,0.0,0.0,0.0,0.0,0.0
PA0195,332.5,311.0,254.2,299.233333333333,232.2,108.9,96.6,145.9,36.6,83.5,298.3,139.466666666667,219.6,139.0,243.5,200.7,272.4,138.7,120.9,177.333333333333,124.1,99.3,129.7,117.7,131.8,103.5,100.5,111.933333333333,267.2,13.9,320.7,200.6,117.2,23.4,114.1,84.9,84.6,154.7,107.1,115.466666666667,116.65793609219486
PA3193,509.0,519.0,617.5,548.5,625.0,246.9,219.6,363.833333333333,71.4,111.0,555.5,245.966666666667,106.2,133.9,489.6,243.233333333333,561.3,191.0,210.9,321.066666666667,193.2,167.4,182.8,181.133333333333,167.4,184.4,179.5,177.1,585.6,385.9,599.6,523.7,122.2,18.6,104.6,81.8,95.7,116.3,159.3,123.766666666667,10.0
PA3687,0.0,0.0,0.0,0.0,0.0,0.0,0.0,0.0,0.0,0.0,0.0,0.0,0.0,0.0,0.0,0.0,0.0,0.0,0.0,0.0,0.0,0.0,0.0,0.0,0.0,0.0,0.0,0.0,0.0,0.0,0.0,0.0,0.0,0.0,0.0,0.0,0.0,0.0,0.0,0.0,100.0
PA0132,245.5,185.0,224.5,218.333333333333,260.6,127.1,140.2,175.966666666667,0.0,0.0,203.8,67.9333333333333,0.0,0.0,274.6,91.5333333333334,282.9,125.4,144.9,184.4,146.9,135.4,140.0,140.766666666667,124.8,141.4,136.7,134.3,262.5,50.6,276.3,196.466666666667,0.0,0.0,0.0,0.0,0.0,0.0,0.0,0.0,0.0
PA5162,52.7,97.9,117.0,89.2,102.3,224.8,214.6,180.566666666667,148.4,77.4,80.5,102.1,133.4,124.6,119.5,125.833333333333,102.3,196.3,190.3,162.966666666667,183.6,160.5,191.1,178.4,211.4,184.7,250.2,215.433333333333,120.4,47.1,197.6,121.7,117.5,47.3,112.6,92.4666666666667,102.6,135.1,106.4,114.7,0.0
PA1293,241.8,285.7,268.7,265.4,240.5,0.0,0.0,80.1666666666667,0.0,0.0,228.6,76.2,0.0,0.0,268.1,89.3666666666667,288.7,0.0,0.0,96.2333333333333,0.0,0.0,0.0,0.0,0.0,0.0,0.0,0.0,242.9,9.5,224.5,158.966666666667,0.0,0.0,0.0,0.0,0.0,0.0,0.0,0.0,0.0
PA1649,0.0,0.0,0.0,0.0,0.0,141.6,138.6,93.4,400.7,364.9,0.0,255.2,418.7,439.1,0.0,285.933333333333,0.0,113.9,172.2,95.3666666666667,213.2,104.5,211.6,176.433333333333,151.3,171.5,143.9,155.566666666667,0.0,0.0,0.0,0.0,375.8,50.8,383.3,269.966666666667,362.1,372.6,413.2,382.633333333333,3.0137798248294065
PA5143,0.0,0.0,0.0,0.0,0.0,346.4,255.0,200.466666666667,0.0,0.0,0.0,0.0,0.0,0.0,0.0,0.0,0.0,345.6,307.8,217.8,313.0,310.8,317.5,313.766666666667,248.5,244.6,247.5,246.866666666667,0.0,0.0,0.0,0.0,0.0,0.0,0.0,0.0,0.0,0.0,0.0,0.0,0.0
PA3561,0.0,0.0,0.0,0.0,0.0,0.0,0.0,0.0,191.1,165.7,0.0,118.933333333333,197.0,198.0,0.0,131.666666666667,0.0,0.0,0.0,0.0,0.0,0.0,0.0,0.0,0.0,0.0,0.0,0.0,0.0,0.0,0.0,0.0,191.8,20.5,176.6,129.633333333333,121.3,211.0,234.8,189.033333333333,0.0
PA3147,0.0,0.0,0.0,0.0,0.0,0.0,0.0,0.0,0.0,0.0,0.0,0.0,0.0,0.0,0.0,0.0,0.0,0.0,0.0,0.0,0.0,0.0,0.0,0.0,0.0,0.0,0.0,0.0,0.0,0.0,0.0,0.0,0.0,0.0,0.0,0.0,0.0,0.0,0.0,0.0,0.0
PA0902,0.0,0.0,0.0,0.0,0.0,520.7,529.4,350.033333333333,250.9,200.9,0.0,150.6,360.5,218.5,0.0,193.0,0.0,506.1,488.0,331.366666666667,530.5,420.3,502.2,484.333333333333,501.9,467.1,433.4,467.466666666667,0.0,0.0,0.0,0.0,236.4,49.1,229.3,171.6,233.3,328.5,141.0,234.266666666667,7.821043165044689
PA3659,142.5,223.1,147.3,170.966666666667,212.2,136.8,132.3,160.433333333333,406.8,488.8,193.1,362.9,390.7,378.1,217.8,328.866666666667,220.9,156.5,147.1,174.833333333333,109.1,182.5,120.8,137.466666666667,173.4,127.9,153.6,151.633333333333,305.1,961.3,208.4,491.6,398.2,91.6,358.1,282.633333333333,444.9,405.4,441.5,430.6,0.7460344480082507
PA1674,0.0,0.0,0.0,0.0,0.0,64.5,50.7,38.4,165.5,113.7,0.0,93.0666666666667,234.8,177.8,0.0,137.533333333333,0.0,52.7,48.4,33.7,41.5,59.9,59.1,53.5,61.0,35.0,55.3,50.4333333333333,0.0,0.0,0.0,0.0,159.4,34.3,183.8,125.833333333333,116.4,188.5,165.3,156.733333333333,0.0013979321453488134
PA1684,0.0,0.0,0.0,0.0,0.0,200.9,155.1,118.666666666667,0.0,0.0,0.0,0.0,0.0,0.0,0.0,0.0,0.0,201.4,179.2,126.866666666667,164.2,164.1,152.0,160.1,166.1,172.1,142.9,160.366666666667,0.0,0.0,0.0,0.0,0.0,0.0,0.0,0.0,0.0,0.0,0.0,0.0,0.0
PA4655,151.5,164.6,154.5,156.866666666667,136.4,0.0,0.0,45.4666666666667,0.0,0.0,123.4,41.1333333333333,0.0,0.0,143.2,47.7333333333333,181.5,0.0,0.0,60.5,0.0,0.0,0.0,0.0,0.0,0.0,0.0,0.0,132.2,14.1,161.0,102.433333333333,0.0,0.0,0.0,0.0,0.0,0.0,0.0,0.0,0.0013979321453487185
PA0516,343.8,349.1,328.4,340.433333333333,301.5,498.5,504.3,434.766666666667,512.1,345.5,322.6,393.4,582.8,511.3,334.7,476.266666666667,344.5,560.5,536.3,480.433333333333,474.2,701.5,622.6,599.433333333333,519.7,511.4,500.7,510.6,278.1,23.7,381.1,227.633333333333,484.5,32.0,463.1,326.533333333333,408.3,547.3,471.4,475.666666666667,0.0
PA3121,0.0,0.0,0.0,0.0,0.0,282.3,286.7,189.666666666667,412.2,386.4,0.0,266.2,472.3,424.3,0.0,298.866666666667,0.0,294.5,283.9,192.8,308.2,298.5,275.6,294.1,290.5,266.3,283.1,279.966666666667,0.0,0.0,0.0,0.0,410.7,93.6,473.7,326.0,428.4,376.4,405.0,403.266666666667,0.0
PA1432,0.0,0.0,0.0,0.0,0.0,214.3,186.9,133.733333333333,54.7,110.9,0.0,55.2,64.2,106.6,0.0,56.9333333333333,0.0,143.3,149.6,97.6333333333333,210.7,93.7,131.1,145.166666666667,124.9,110.5,119.7,118.366666666667,0.0,0.0,0.0,0.0,85.9,23.7,79.2,62.9333333333333,85.9,84.6,100.3,90.2666666666667,0.0
PA3131,0.0,0.0,0.0,0.0,0.0,129.0,140.7,89.9,0.0,0.0,0.0,0.0,0.0,0.0,0.0,0.0,0.0,92.3,131.0,74.4333333333333,107.6,123.5,126.4,119.166666666667,106.0,125.6,107.1,112.9,0.0,0.0,0.0,0.0,0.0,0.0,0.0,0.0,0.0,0.0,0.0,0.0,1.2225810745925354
PA1610,0.0,0.0,0.0,0.0,0.0,272.3,231.1,167.8,439.2,435.4,0.0,291.533333333333,394.7,433.3,0.0,276.0,0.0,242.4,234.3,158.9,170.0,247.7,219.0,212.233333333333,282.4,280.6,234.2,265.733333333333,0.0,0.0,0.0,0.0,422.6,51.1,427.9,300.533333333333,429.2,397.2,450.8,425.733333333333,55.138685418268864
PA3357,0.0,0.0,0.0,0.0,0.0,0.0,0.0,0.0,209.8,213.8,0.0,141.2,225.7,171.8,0.0,132.5,0.0,0.0,0.0,0.0,0.0,0.0,0.0,0.0,0.0,0.0,0.0,0.0,0.0,0.0,0.0,0.0,253.7,23.8,239.0,172.166666666667,215.5,219.3,256.1,230.3,0.0
PA4544,466.1,468.5,494.3,476.3,484.5,233.0,207.0,308.166666666667,245.0,266.4,535.0,348.8,155.4,193.4,513.5,287.433333333333,489.3,218.0,227.4,311.566666666667,249.2,235.9,227.8,237.633333333333,238.5,203.5,213.2,218.4,436.1,1841.4,392.3,889.933333333333,209.8,8.5,203.8,140.7,159.0,189.2,136.7,161.633333333333,0.0
PA2611,520.4,516.6,576.2,537.733333333333,629.7,174.9,195.8,333.466666666667,432.7,588.9,533.1,518.233333333333,531.6,494.2,517.8,514.533333333333,615.8,168.7,181.8,322.1,108.8,156.5,147.9,137.733333333333,182.8,181.8,207.8,190.8,427.9,347.2,601.9,459.0,531.3,85.3,513.4,376.666666666667,617.3,463.5,606.3,562.366666666667,0.0
PA3798,0.0,0.0,0.0,0.0,0.0,360.3,408.2,256.166666666667,158.9,294.0,0.0,150.966666666667,167.8,184.0,0.0,117.266666666667,0.0,336.0,388.0,241.333333333333,361.3,323.6,383.5,356.133333333333,302.5,342.2,351.5,332.066666666667,0.0,0.0,0.0,0.0,210.7,27.6,214.3,150.866666666667,205.0,178.1,192.5,191.866666666667,0.0
PA2321,126.2,98.9,128.0,117.7,183.5,120.7,127.9,144.033333333333,195.5,271.9,96.4,187.933333333333,305.8,244.3,135.8,228.633333333333,118.6,85.1,91.0,98.2333333333333,90.7,88.4,78.4,85.8333333333333,117.5,104.7,80.6,100.933333333333,129.6,50.8,153.9,111.433333333333,275.5,62.9,286.5,208.3,304.2,221.4,249.6,258.4,141.8019905709796
PA0006,264.7,333.0,300.0,299.233333333333,419.7,0.0,0.0,139.9,0.0,0.0,351.2,117.066666666667,0.0,0.0,346.6,115.533333333333,337.1,0.0,0.0,112.366666666667,0.0,0.0,0.0,0.0,0.0,0.0,0.0,0.0,357.2,605.3,378.6,447.033333333333,0.0,0.0,0.0,0.0,0.0,0.0,0.0,0.0,0.0
PA0871,250.9,291.0,341.1,294.333333333333,206.2,375.2,372.5,317.966666666667,99.9,254.8,251.4,202.033333333333,147.4,166.7,236.6,183.566666666667,262.3,400.5,400.2,354.333333333333,369.5,424.2,461.4,418.366666666667,277.7,331.6,312.1,307.133333333333,243.4,17.3,200.9,153.866666666667,173.2,36.7,261.7,157.2,181.2,169.4,222.0,190.866666666667,0.0
PA1818,0.0,0.0,0.0,0.0,0.0,0.0,0.0,0.0,386.0,304.2,0.0,230.066666666667,305.5,311.2,0.0,205.566666666667,0.0,0.0,0.0,0.0,0.0,0.0,0.0,0.0,0.0,0.0,0.0,0.0,0.0,0.0,0.0,0.0,356.2,55.7,312.6,241.5,341.0,243.8,398.4,327.733333333333,9.40866626204756
PA4366,967.5,1051.3,915.5,978.1,794.1,802.7,819.0,805.266666666667,1202.0,1004.2,894.5,1033.56666666667,931.1,1034.2,1009.0,991.433333333333,1041.4,981.5,895.3,972.733333333333,776.9,1010.4,959.9,915.733333333333,796.0,723.6,708.4,742.666666666667,914.1,75.9,890.6,626.866666666667,827.2,116.0,832.9,592.033333333333,929.5,886.8,966.8,927.7,0.0
PA5142,0.0,0.0,0.0,0.0,0.0,184.5,189.4,124.633333333333,0.0,0.0,0.0,0.0,0.0,0.0,0.0,0.0,0.0,198.6,169.7,122.766666666667,159.3,196.4,214.3,190.0,216.5,210.4,184.8,203.9,0.0,0.0,0.0,0.0,0.0,0.0,0.0,0.0,0.0,0.0,0.0,0.0,0.0
PA4538,0.0,0.0,0.0,0.0,0.0,0.0,0.0,0.0,0.0,0.0,0.0,0.0,0.0,0.0,0.0,0.0,0.0,0.0,0.0,0.0,0.0,0.0,0.0,0.0,0.0,0.0,0.0,0.0,0.0,0.0,0.0,0.0,0.0,0.0,0.0,0.0,0.0,0.0,0.0,0.0,0.0
PA3761,0.0,0.0,0.0,0.0,0.0,0.0,0.0,0.0,342.4,187.1,0.0,176.5,364.7,255.6,0.0,206.766666666667,0.0,0.0,0.0,0.0,0.0,0.0,0.0,0.0,0.0,0.0,0.0,0.0,0.0,0.0,0.0,0.0,318.5,48.7,313.7,226.966666666667,342.2,289.3,305.0,312.166666666667,0.0
PA3650,0.0,0.0,0.0,0.0,0.0,0.0,0.0,0.0,0.0,0.0,0.0,0.0,0.0,0.0,0.0,0.0,0.0,0.0,0.0,0.0,0.0,0.0,0.0,0.0,0.0,0.0,0.0,0.0,0.0,0.0,0.0,0.0,0.0,0.0,0.0,0.0,0.0,0.0,0.0,0.0,0.012581389308138466
PA3456,0.0,0.0,0.0,0.0,0.0,65.9,71.2,45.7,0.0,0.0,0.0,0.0,0.0,0.0,0.0,0.0,0.0,38.8,61.1,33.3,34.9,53.1,39.3,42.4333333333333,61.4,47.8,50.1,53.1,0.0,0.0,0.0,0.0,0.0,0.0,0.0,0.0,0.0,0.0,0.0,0.0,0.0
PA5100,177.0,237.4,262.6,225.666666666667,171.8,0.0,0.0,57.2666666666667,93.2,399.4,367.9,286.833333333333,198.6,221.4,203.5,207.833333333333,240.0,0.0,0.0,80.0,0.0,0.0,0.0,0.0,0.0,0.0,0.0,0.0,159.8,40.8,200.7,133.766666666667,192.6,65.1,216.9,158.2,297.9,211.4,117.7,209.0,8.868206176482769
PA1581,324.5,330.9,390.9,348.766666666667,408.8,297.0,320.9,342.233333333333,175.6,188.5,363.3,242.466666666667,151.5,187.4,344.0,227.633333333333,496.9,214.1,251.5,320.833333333333,233.4,212.7,244.5,230.2,193.9,277.8,209.0,226.9,262.1,48.3,465.3,258.566666666667,187.0,56.5,178.1,140.533333333333,228.5,195.4,156.3,193.4,4.802049908627017
PA3646,0.0,0.0,0.0,0.0,0.0,409.5,382.4,263.966666666667,0.0,0.0,0.0,0.0,0.0,0.0,0.0,0.0,0.0,389.4,425.6,271.666666666667,451.7,386.6,438.8,425.7,354.5,381.7,395.4,377.2,0.0,0.0,0.0,0.0,0.0,0.0,0.0,0.0,0.0,0.0,0.0,0.0,0.7135884429147071
PA3004,319.1,501.7,408.8,409.866666666667,328.1,65.6,59.4,151.033333333333,0.0,0.0,431.6,143.866666666667,0.0,0.0,361.0,120.333333333333,346.7,53.7,55.4,151.933333333333,50.8,53.9,55.5,53.4,69.3,45.0,49.3,54.5333333333333,373.5,49.0,386.0,269.5,0.0,0.0,0.0,0.0,0.0,0.0,0.0,0.0,0.0
PA0025,562.9,469.4,564.3,532.2,597.9,0.0,0.0,199.3,0.0,0.0,465.9,155.3,0.0,0.0,541.6,180.533333333333,561.9,0.0,0.0,187.3,0.0,0.0,0.0,0.0,0.0,0.0,0.0,0.0,458.8,1190.1,448.9,699.266666666667,0.0,0.0,0.0,0.0,0.0,0.0,0.0,0.0,0.0027958642906975324
PA0523,211.1,161.0,140.7,170.933333333333,148.3,258.9,230.8,212.666666666667,229.5,149.4,118.6,165.833333333333,177.9,221.0,168.5,189.133333333333,134.2,254.4,242.2,210.266666666667,229.1,332.3,290.2,283.866666666667,266.8,249.3,246.2,254.1,149.7,311.3,131.0,197.333333333333,138.4,14.4,173.7,108.833333333333,157.1,210.2,142.4,169.9,0.0
PA3082,0.0,0.0,0.0,0.0,0.0,157.7,138.3,98.6666666666667,0.0,0.0,0.0,0.0,0.0,0.0,0.0,0.0,0.0,158.2,156.1,104.766666666667,124.1,143.2,139.6,135.633333333333,147.8,142.2,134.7,141.566666666667,0.0,0.0,0.0,0.0,0.0,0.0,0.0,0.0,0.0,0.0,0.0,0.0,0.0
PA1272,198.2,143.7,150.4,164.1,121.9,192.3,192.1,168.766666666667,178.9,167.1,153.3,166.433333333333,259.2,230.1,187.0,225.433333333333,173.1,208.1,198.8,193.333333333333,179.8,197.1,195.0,190.633333333333,218.3,207.9,196.1,207.433333333333,154.1,652.1,134.9,313.7,171.7,43.2,174.6,129.833333333333,163.9,210.1,197.9,190.633333333333,0.0
PA0897,500.2,453.2,313.7,422.366666666667,321.5,131.5,152.9,201.966666666667,295.2,284.1,492.4,357.233333333333,374.3,397.8,527.5,433.2,467.1,144.6,126.2,245.966666666667,117.2,133.2,127.9,126.1,143.3,135.1,108.8,129.066666666667,524.5,33.1,382.9,313.5,426.8,14.0,420.3,287.033333333333,409.4,419.3,345.8,391.5,0.0
PA2555,0.0,0.0,0.0,0.0,0.0,131.4,73.6,68.3333333333333,211.6,255.3,0.0,155.633333333333,226.9,235.8,0.0,154.233333333333,0.0,126.3,107.7,78.0,133.6,131.0,111.8,125.466666666667,68.9,91.0,86.5,82.1333333333333,0.0,0.0,0.0,0.0,292.3,31.1,298.4,207.266666666667,258.8,251.4,286.1,265.433333333333,15.802177725771703
PA3627,0.0,0.0,0.0,0.0,0.0,0.0,0.0,0.0,359.0,266.7,0.0,208.566666666667,306.6,266.1,0.0,190.9,0.0,0.0,0.0,0.0,0.0,0.0,0.0,0.0,0.0,0.0,0.0,0.0,0.0,0.0,0.0,0.0,228.7,50.5,272.6,183.933333333333,245.2,244.1,284.2,257.833333333333,0.012581389308138471
PA3625,0.0,0.0,0.0,0.0,0.0,47.1,41.2,29.4333333333333,229.0,165.6,0.0,131.533333333333,202.6,256.3,0.0,152.966666666667,0.0,34.9,38.3,24.4,41.3,54.1,62.2,52.5333333333333,41.6,39.0,28.6,36.4,0.0,0.0,0.0,0.0,192.3,7.6,154.5,118.133333333333,212.0,237.3,239.8,229.7,0.0
PA5495,0.0,0.0,0.0,0.0,0.0,0.0,0.0,0.0,0.0,0.0,0.0,0.0,0.0,0.0,0.0,0.0,0.0,0.0,0.0,0.0,0.0,0.0,0.0,0.0,0.0,0.0,0.0,0.0,0.0,0.0,0.0,0.0,0.0,0.0,0.0,0.0,0.0,0.0,0.0,0.0,0.0
PA3644,0.0,0.0,0.0,0.0,0.0,173.2,212.1,128.433333333333,0.0,0.0,0.0,0.0,0.0,0.0,0.0,0.0,0.0,130.0,160.3,96.7666666666667,136.7,130.4,121.3,129.466666666667,173.5,193.8,157.6,174.966666666667,0.0,0.0,0.0,0.0,0.0,0.0,0.0,0.0,0.0,0.0,0.0,0.0,0.713588442914707
PA5425,0.0,0.0,0.0,0.0,0.0,189.8,219.5,136.433333333333,358.8,261.7,0.0,206.833333333333,344.4,282.1,0.0,208.833333333333,0.0,147.8,179.5,109.1,398.7,250.7,175.2,274.866666666667,206.6,207.7,141.7,185.333333333333,0.0,0.0,0.0,0.0,276.3,40.6,257.1,191.333333333333,289.3,244.6,333.7,289.2,4.9737078124917415
PA3149,0.0,0.0,0.0,0.0,0.0,0.0,0.0,0.0,0.0,0.0,0.0,0.0,0.0,0.0,0.0,0.0,0.0,0.0,0.0,0.0,0.0,0.0,0.0,0.0,0.0,0.0,0.0,0.0,0.0,0.0,0.0,0.0,0.0,0.0,0.0,0.0,0.0,0.0,0.0,0.0,0.0
PA4430,1044.4,1224.8,1457.3,1242.16666666667,984.5,237.1,200.6,474.066666666667,0.0,0.0,1171.6,390.533333333333,0.0,0.0,1183.2,394.4,1052.4,284.7,254.8,530.633333333333,207.8,259.3,264.4,243.833333333333,190.8,182.3,162.2,178.433333333333,952.7,103.8,913.7,656.733333333333,0.0,0.0,0.0,0.0,0.0,0.0,0.0,0.0,75.63320810459658
PA5366,0.0,0.0,0.0,0.0,0.0,0.0,0.0,0.0,0.0,0.0,0.0,0.0,0.0,0.0,0.0,0.0,0.0,0.0,0.0,0.0,0.0,0.0,0.0,0.0,0.0,0.0,0.0,0.0,0.0,0.0,0.0,0.0,0.0,0.0,0.0,0.0,0.0,0.0,0.0,0.0,175.92503497386124
PA3088,148.5,174.1,160.8,161.133333333333,188.8,183.8,184.1,185.566666666667,101.6,177.2,189.4,156.066666666667,177.7,222.5,154.5,184.9,174.6,184.2,208.7,189.166666666667,166.0,170.0,195.7,177.233333333333,195.6,178.7,195.1,189.8,169.7,23.8,163.9,119.133333333333,167.5,53.9,194.5,138.633333333333,208.2,172.0,140.1,173.433333333333,2.0146625694241622e-13
PA0420,0.0,0.0,0.0,0.0,0.0,225.8,231.2,152.333333333333,0.0,0.0,0.0,0.0,0.0,0.0,0.0,0.0,0.0,206.8,171.2,126.0,190.1,227.5,203.2,206.933333333333,203.8,221.8,198.5,208.033333333333,0.0,0.0,0.0,0.0,0.0,0.0,0.0,0.0,0.0,0.0,0.0,0.0,0.0
PA1004,0.0,0.0,0.0,0.0,0.0,167.5,150.9,106.133333333333,0.0,0.0,0.0,0.0,0.0,0.0,0.0,0.0,0.0,139.8,145.9,95.2333333333334,170.4,167.7,147.1,161.733333333333,175.3,146.0,137.1,152.8,0.0,0.0,0.0,0.0,0.0,0.0,0.0,0.0,0.0,0.0,0.0,0.0,0.0
PA3610,0.0,0.0,0.0,0.0,0.0,0.0,0.0,0.0,0.0,0.0,0.0,0.0,0.0,0.0,0.0,0.0,0.0,0.0,0.0,0.0,0.0,0.0,0.0,0.0,0.0,0.0,0.0,0.0,0.0,0.0,0.0,0.0,0.0,0.0,0.0,0.0,0.0,0.0,0.0,0.0,0.0
PA3111,117.1,105.6,72.5,98.4,140.5,0.0,0.0,46.8333333333333,0.0,0.0,103.9,34.6333333333333,0.0,0.0,86.8,28.9333333333333,122.0,0.0,0.0,40.6666666666667,0.0,0.0,0.0,0.0,0.0,0.0,0.0,0.0,116.4,254.5,137.8,169.566666666667,0.0,0.0,0.0,0.0,0.0,0.0,0.0,0.0,0.0013979321453488134
PA0590,0.0,0.0,0.0,0.0,0.0,317.5,304.0,207.166666666667,194.7,158.0,0.0,117.566666666667,178.7,184.2,0.0,120.966666666667,0.0,349.3,317.8,222.366666666667,333.4,277.1,292.7,301.066666666667,381.7,401.2,313.2,365.366666666667,0.0,0.0,0.0,0.0,163.8,49.0,152.6,121.8,214.7,143.1,141.3,166.366666666667,0.0
PA0602,0.0,0.0,0.0,0.0,0.0,197.1,183.9,127.0,0.0,0.0,0.0,0.0,0.0,0.0,0.0,0.0,0.0,202.4,196.2,132.866666666667,199.8,225.2,255.9,226.966666666667,175.7,193.0,187.7,185.466666666667,0.0,0.0,0.0,0.0,0.0,0.0,0.0,0.0,0.0,0.0,0.0,0.0,0.0
PA3579,0.0,0.0,0.0,0.0,0.0,425.6,426.3,283.966666666667,0.0,0.0,0.0,0.0,0.0,0.0,0.0,0.0,0.0,489.5,403.4,297.633333333333,450.1,449.9,456.8,452.266666666667,638.0,483.4,546.7,556.033333333333,0.0,0.0,0.0,0.0,0.0,0.0,0.0,0.0,0.0,0.0,0.0,0.0,0.3819378484032391
PA1071,0.0,0.0,0.0,0.0,0.0,118.9,100.2,73.0333333333334,0.0,0.0,0.0,0.0,0.0,0.0,0.0,0.0,0.0,127.9,120.3,82.7333333333333,138.0,169.7,116.9,141.533333333333,116.3,117.4,136.5,123.4,0.0,0.0,0.0,0.0,0.0,0.0,0.0,0.0,0.0,0.0,0.0,0.0,0.0
PA1737,0.0,0.0,0.0,0.0,0.0,214.3,252.6,155.633333333333,540.1,366.7,0.0,302.266666666667,358.5,299.3,0.0,219.266666666667,0.0,226.3,220.9,149.066666666667,200.2,224.4,208.3,210.966666666667,219.1,203.5,254.9,225.833333333333,0.0,0.0,0.0,0.0,277.2,47.7,286.1,203.666666666667,340.0,346.6,300.3,328.966666666667,0.0
PA1999,0.0,0.0,0.0,0.0,0.0,0.0,0.0,0.0,0.0,0.0,0.0,0.0,0.0,0.0,0.0,0.0,0.0,0.0,0.0,0.0,0.0,0.0,0.0,0.0,0.0,0.0,0.0,0.0,0.0,0.0,0.0,0.0,0.0,0.0,0.0,0.0,0.0,0.0,0.0,0.0,1.4481416603592787
PA5010,349.4,285.0,257.1,297.166666666667,294.8,0.0,0.0,98.2666666666667,251.2,249.4,336.8,279.133333333333,290.6,331.1,334.3,318.666666666667,350.6,0.0,0.0,116.866666666667,0.0,0.0,0.0,0.0,0.0,0.0,0.0,0.0,305.9,40.4,402.9,249.733333333333,316.1,43.7,336.2,232.0,314.3,245.5,317.7,292.5,0.0
PA2000,0.0,0.0,0.0,0.0,0.0,149.5,129.9,93.1333333333333,176.3,221.6,0.0,132.633333333333,415.7,302.5,0.0,239.4,0.0,208.7,164.0,124.233333333333,384.1,226.7,177.1,262.633333333333,166.8,143.9,131.7,147.466666666667,0.0,0.0,0.0,0.0,301.4,34.5,291.6,209.166666666667,212.8,507.6,242.4,320.933333333333,0.0
PA5221,0.0,0.0,0.0,0.0,0.0,171.0,216.1,129.033333333333,563.8,520.1,0.0,361.3,577.0,542.6,0.0,373.2,0.0,201.0,207.8,136.266666666667,145.4,204.0,188.6,179.333333333333,194.3,169.3,211.6,191.733333333333,0.0,0.0,0.0,0.0,571.1,29.7,598.1,399.633333333333,544.4,483.3,558.0,528.566666666667,0.0
PA5309,0.0,0.0,0.0,0.0,0.0,0.0,0.0,0.0,201.7,171.7,0.0,124.466666666667,174.4,170.7,0.0,115.033333333333,0.0,0.0,0.0,0.0,0.0,0.0,0.0,0.0,0.0,0.0,0.0,0.0,0.0,0.0,0.0,0.0,180.3,10.8,188.3,126.466666666667,184.9,182.0,199.4,188.766666666667,0.0
PA2643,184.3,174.5,264.5,207.766666666667,195.1,0.0,0.0,65.0333333333333,186.4,141.5,178.4,168.766666666667,171.5,191.5,204.3,189.1,251.5,0.0,0.0,83.8333333333333,0.0,0.0,0.0,0.0,0.0,0.0,0.0,0.0,185.7,658.3,230.4,358.133333333333,183.9,7.1,167.8,119.6,180.8,194.5,194.3,189.866666666667,80.75119569407249
PA5075,0.0,0.0,0.0,0.0,0.0,0.0,0.0,0.0,0.0,0.0,0.0,0.0,0.0,0.0,0.0,0.0,0.0,0.0,0.0,0.0,0.0,0.0,0.0,0.0,0.0,0.0,0.0,0.0,0.0,0.0,0.0,0.0,0.0,0.0,0.0,0.0,0.0,0.0,0.0,0.0,0.0
PA0655,0.0,0.0,0.0,0.0,0.0,118.6,139.4,86.0,0.0,0.0,0.0,0.0,0.0,0.0,0.0,0.0,0.0,110.3,123.6,77.9666666666667,125.1,131.9,124.0,127.0,176.9,175.0,117.0,156.3,0.0,0.0,0.0,0.0,0.0,0.0,0.0,0.0,0.0,0.0,0.0,0.0,0.0013979321453487187
PA0196,0.0,0.0,0.0,0.0,0.0,217.7,210.1,142.6,0.0,0.0,0.0,0.0,0.0,0.0,0.0,0.0,0.0,238.6,259.0,165.866666666667,201.2,216.9,240.1,219.4,222.0,214.3,226.2,220.833333333333,0.0,0.0,0.0,0.0,0.0,0.0,0.0,0.0,0.0,0.0,0.0,0.0,116.65793609219486
PA4443,0.0,0.0,0.0,0.0,0.0,75.4,108.8,61.4,0.0,0.0,0.0,0.0,0.0,0.0,0.0,0.0,0.0,64.6,78.9,47.8333333333333,89.0,55.4,78.8,74.4,85.2,102.6,85.5,91.1,0.0,0.0,0.0,0.0,0.0,0.0,0.0,0.0,0.0,0.0,0.0,0.0,0.0
PA0603,202.2,272.4,342.2,272.266666666667,228.4,224.3,230.8,227.833333333333,646.0,644.8,299.4,530.066666666667,569.4,600.6,239.4,469.8,247.6,245.1,242.0,244.9,218.8,210.7,208.5,212.666666666667,211.6,249.1,226.7,229.133333333333,198.7,37.5,325.4,187.2,527.7,48.3,549.3,375.1,466.5,534.3,510.1,503.633333333333,0.0
PA1807,0.0,0.0,0.0,0.0,0.0,0.0,0.0,0.0,0.0,0.0,0.0,0.0,0.0,0.0,0.0,0.0,0.0,0.0,0.0,0.0,0.0,0.0,0.0,0.0,0.0,0.0,0.0,0.0,0.0,0.0,0.0,0.0,0.0,0.0,0.0,0.0,0.0,0.0,0.0,0.0,0.0
PA2003,583.0,493.5,501.8,526.1,541.3,68.4,53.4,221.033333333333,274.9,249.5,592.9,372.433333333333,186.4,168.1,557.0,303.833333333333,463.7,98.9,68.5,210.366666666667,63.0,101.5,81.4,81.9666666666667,69.2,65.4,50.5,61.7,571.0,49.7,703.3,441.333333333333,192.1,31.1,229.5,150.9,198.9,182.5,212.5,197.966666666667,4.951531601280301
PA5091,0.0,0.0,0.0,0.0,0.0,510.7,563.5,358.066666666667,0.0,0.0,0.0,0.0,0.0,0.0,0.0,0.0,0.0,546.7,494.8,347.166666666667,490.8,515.8,529.2,511.933333333333,660.9,644.9,662.3,656.033333333333,0.0,0.0,0.0,0.0,0.0,0.0,0.0,0.0,0.0,0.0,0.0,0.0,8.868206176482769
PA2903,0.0,0.0,0.0,0.0,0.0,0.0,0.0,0.0,0.0,0.0,0.0,0.0,0.0,0.0,0.0,0.0,0.0,0.0,0.0,0.0,0.0,0.0,0.0,0.0,0.0,0.0,0.0,0.0,0.0,0.0,0.0,0.0,0.0,0.0,0.0,0.0,0.0,0.0,0.0,0.0,0.0
PA4561,194.6,266.2,219.8,226.866666666667,299.8,0.0,0.0,99.9333333333333,0.0,0.0,284.8,94.9333333333333,0.0,0.0,280.7,93.5666666666667,272.7,0.0,0.0,90.9,0.0,0.0,0.0,0.0,0.0,0.0,0.0,0.0,265.3,34.4,332.8,210.833333333333,0.0,0.0,0.0,0.0,0.0,0.0,0.0,0.0,2.3918945543671993e-15
PA2385,0.0,0.0,0.0,0.0,0.0,433.0,378.9,270.633333333333,0.0,0.0,0.0,0.0,0.0,0.0,0.0,0.0,0.0,447.1,417.9,288.333333333333,519.4,429.5,463.4,470.766666666667,451.0,416.8,504.0,457.266666666667,0.0,0.0,0.0,0.0,0.0,0.0,0.0,0.0,0.0,0.0,0.0,0.0,0.0
PA4722,639.3,473.8,350.5,487.866666666667,441.3,249.7,270.8,320.6,378.7,294.6,331.4,334.9,333.7,311.9,527.6,391.066666666667,496.9,232.1,203.2,310.733333333333,282.3,190.3,208.3,226.966666666667,282.0,289.6,258.6,276.733333333333,634.9,1190.0,361.8,728.9,293.3,92.8,321.6,235.9,316.8,309.3,383.0,336.366666666667,0.0
PA3652,0.0,0.0,0.0,0.0,0.0,0.0,0.0,0.0,36.8,33.5,0.0,23.4333333333333,40.1,36.8,0.0,25.6333333333333,0.0,0.0,0.0,0.0,0.0,0.0,0.0,0.0,0.0,0.0,0.0,0.0,0.0,0.0,0.0,0.0,76.7,17.3,93.2,62.4,40.4,103.4,45.9,63.2333333333333,0.0
PA1757,0.0,0.0,0.0,0.0,0.0,0.0,0.0,0.0,217.6,262.2,0.0,159.933333333333,261.5,244.6,0.0,168.7,0.0,0.0,0.0,0.0,0.0,0.0,0.0,0.0,0.0,0.0,0.0,0.0,0.0,0.0,0.0,0.0,284.7,19.9,276.9,193.833333333333,312.8,281.6,294.1,296.166666666667,0.0
PA4201,555.0,541.2,548.1,548.1,446.6,243.2,244.2,311.333333333333,0.0,0.0,380.5,126.833333333333,0.0,0.0,519.0,173.0,563.3,187.5,205.0,318.6,215.9,173.4,181.2,190.166666666667,234.2,221.4,212.8,222.8,506.8,57.1,513.1,359.0,0.0,0.0,0.0,0.0,0.0,0.0,0.0,0.0,0.7460344480082506
PA3975,0.0,0.0,0.0,0.0,0.0,161.1,145.8,102.3,0.0,0.0,0.0,0.0,0.0,0.0,0.0,0.0,0.0,181.3,137.1,106.133333333333,151.2,165.9,153.3,156.8,155.0,143.0,157.7,151.9,0.0,0.0,0.0,0.0,0.0,0.0,0.0,0.0,0.0,0.0,0.0,0.0,0.0
PA4230,273.9,414.5,443.0,377.133333333333,410.1,300.8,234.1,315.0,92.3,131.1,282.6,168.666666666667,132.1,147.5,416.2,231.933333333333,464.1,264.4,242.0,323.5,352.6,204.0,281.0,279.2,297.0,395.6,610.5,434.366666666667,432.3,23.3,437.5,297.7,90.3,32355.3,82.2,10842.6,47.9,160.5,76.8,95.0666666666667,0.0
PA4079,0.0,0.0,0.0,0.0,0.0,46.2,75.1,40.4333333333333,0.0,0.0,0.0,0.0,0.0,0.0,0.0,0.0,0.0,49.8,45.1,31.6333333333333,45.1,79.1,68.8,64.3333333333333,63.0,51.9,56.0,56.9666666666667,0.0,0.0,0.0,0.0,0.0,0.0,0.0,0.0,0.0,0.0,0.0,0.0,0.0
PA2013,447.2,400.2,436.9,428.1,362.9,289.9,280.6,311.133333333333,186.6,248.0,419.6,284.733333333333,269.5,241.4,417.7,309.533333333333,443.5,340.9,326.7,370.366666666667,332.1,339.0,358.3,343.133333333333,265.8,280.5,291.7,279.333333333333,351.1,279.1,368.7,332.966666666667,253.4,78.0,254.4,195.266666666667,257.1,289.2,290.1,278.8,3.503389940921023
PA4947,0.0,0.0,0.0,0.0,0.0,0.0,0.0,0.0,0.0,0.0,0.0,0.0,0.0,0.0,0.0,0.0,0.0,0.0,0.0,0.0,0.0,0.0,0.0,0.0,0.0,0.0,0.0,0.0,0.0,0.0,0.0,0.0,0.0,0.0,0.0,0.0,0.0,0.0,0.0,0.0,0.0
PA2011,295.0,293.1,214.9,267.666666666667,365.1,0.0,0.0,121.7,315.0,197.3,283.6,265.3,298.9,206.4,319.9,275.066666666667,280.5,0.0,0.0,93.5,0.0,0.0,0.0,0.0,0.0,0.0,0.0,0.0,337.6,40.9,319.4,232.633333333333,265.9,41.9,245.5,184.433333333333,285.4,271.9,285.6,280.966666666667,3.5033899409210227
PA4529,0.0,0.0,0.0,0.0,0.0,0.0,0.0,0.0,0.0,0.0,0.0,0.0,0.0,0.0,0.0,0.0,0.0,0.0,0.0,0.0,0.0,0.0,0.0,0.0,0.0,0.0,0.0,0.0,0.0,0.0,0.0,0.0,0.0,0.0,0.0,0.0,0.0,0.0,0.0,0.0,0.0
PA0283,0.0,0.0,0.0,0.0,0.0,194.4,228.1,140.833333333333,716.9,557.7,0.0,424.866666666667,226.6,294.2,0.0,173.6,0.0,138.6,162.1,100.233333333333,137.4,121.5,135.7,131.533333333333,202.2,197.4,147.5,182.366666666667,0.0,0.0,0.0,0.0,272.7,48.9,263.1,194.9,302.2,264.7,283.6,283.5,0.0
PA0143,0.0,0.0,0.0,0.0,0.0,260.4,276.5,178.966666666667,314.7,310.4,0.0,208.366666666667,363.5,295.3,0.0,219.6,0.0,301.6,266.4,189.333333333333,390.4,259.2,259.9,303.166666666667,254.4,275.0,265.0,264.8,0.0,0.0,0.0,0.0,357.6,49.9,367.6,258.366666666667,313.4,376.3,328.5,339.4,0.0
PA4750,706.2,877.7,871.7,818.533333333333,809.2,75.1,104.8,329.7,266.3,241.3,782.0,429.866666666667,233.0,242.8,843.2,439.666666666667,902.3,82.5,84.0,356.266666666667,80.6,74.9,70.4,75.3,106.7,100.8,102.4,103.3,739.1,179.5,862.9,593.833333333333,257.0,74.3,245.2,192.166666666667,276.2,276.4,292.6,281.733333333333,0.0013979321453488134
PA4055,221.9,239.8,273.2,244.966666666667,125.9,172.6,169.4,155.966666666667,0.0,0.0,262.9,87.6333333333333,0.0,0.0,203.1,67.7,233.0,192.5,189.6,205.033333333333,185.0,172.8,157.6,171.8,147.7,166.5,159.8,158.0,197.6,47.7,203.4,149.566666666667,0.0,0.0,0.0,0.0,0.0,0.0,0.0,0.0,0.0
PA4458,1065.0,1030.2,1079.9,1058.36666666667,1003.7,0.0,0.0,334.566666666667,582.6,521.9,1052.0,718.833333333333,594.0,538.2,1059.8,730.666666666667,1109.9,0.0,0.0,369.966666666667,0.0,0.0,0.0,0.0,0.0,0.0,0.0,0.0,1039.4,954.4,944.4,979.4,515.5,47.3,510.6,357.8,527.1,618.0,537.9,561.0,0.0
PA3366,414.4,328.1,336.8,359.766666666667,498.1,89.0,112.5,233.2,0.0,0.0,273.7,91.2333333333333,0.0,0.0,466.5,155.5,506.6,67.5,67.3,213.8,57.0,39.2,72.7,56.3,65.3,66.7,39.3,57.1,437.2,39.2,399.2,291.866666666667,0.0,0.0,0.0,0.0,0.0,0.0,0.0,0.0,8.868206176482769
PA1683,0.0,0.0,0.0,0.0,0.0,107.6,86.1,64.5666666666667,0.0,0.0,0.0,0.0,0.0,0.0,0.0,0.0,0.0,99.9,85.0,61.6333333333333,219.2,224.5,119.1,187.6,115.6,85.0,76.5,92.3666666666667,0.0,0.0,0.0,0.0,0.0,0.0,0.0,0.0,0.0,0.0,0.0,0.0,0.0
PA3690,0.0,0.0,0.0,0.0,0.0,194.2,146.4,113.533333333333,0.0,0.0,0.0,0.0,0.0,0.0,0.0,0.0,0.0,198.9,187.1,128.666666666667,161.6,187.2,169.0,172.6,167.6,180.7,158.9,169.066666666667,0.0,0.0,0.0,0.0,0.0,0.0,0.0,0.0,0.0,0.0,0.0,0.0,0.0
PA5012,0.0,0.0,0.0,0.0,0.0,0.0,0.0,0.0,287.2,241.5,0.0,176.233333333333,503.1,275.3,0.0,259.466666666667,0.0,0.0,0.0,0.0,0.0,0.0,0.0,0.0,0.0,0.0,0.0,0.0,0.0,0.0,0.0,0.0,380.7,61.5,433.4,291.866666666667,427.0,307.7,450.7,395.133333333333,0.0
PA0342,0.0,0.0,0.0,0.0,0.0,174.5,164.5,113.0,0.0,0.0,0.0,0.0,0.0,0.0,0.0,0.0,0.0,172.5,161.2,111.233333333333,168.5,182.7,199.3,183.5,171.5,196.8,162.2,176.833333333333,0.0,0.0,0.0,0.0,0.0,0.0,0.0,0.0,0.0,0.0,0.0,0.0,0.2252627859014925
PA3538,0.0,0.0,0.0,0.0,0.0,105.3,89.2,64.8333333333333,0.0,0.0,0.0,0.0,0.0,0.0,0.0,0.0,0.0,142.2,92.6,78.2666666666667,133.2,92.7,91.6,105.833333333333,102.4,98.8,98.3,99.8333333333333,0.0,0.0,0.0,0.0,0.0,0.0,0.0,0.0,0.0,0.0,0.0,0.0,0.0
PA3043,0.0,0.0,0.0,0.0,0.0,435.2,457.2,297.466666666667,0.0,0.0,0.0,0.0,0.0,0.0,0.0,0.0,0.0,441.8,416.6,286.133333333333,381.2,401.1,431.5,404.6,534.0,471.6,438.3,481.3,0.0,0.0,0.0,0.0,0.0,0.0,0.0,0.0,0.0,0.0,0.0,0.0,0.0
PA3560,0.0,0.0,0.0,0.0,0.0,0.0,0.0,0.0,0.0,0.0,0.0,0.0,0.0,0.0,0.0,0.0,0.0,0.0,0.0,0.0,0.0,0.0,0.0,0.0,0.0,0.0,0.0,0.0,0.0,0.0,0.0,0.0,0.0,0.0,0.0,0.0,0.0,0.0,0.0,0.0,0.0
PA3643,0.0,0.0,0.0,0.0,0.0,0.0,0.0,0.0,0.0,0.0,0.0,0.0,0.0,0.0,0.0,0.0,0.0,0.0,0.0,0.0,0.0,0.0,0.0,0.0,0.0,0.0,0.0,0.0,0.0,0.0,0.0,0.0,0.0,0.0,0.0,0.0,0.0,0.0,0.0,0.0,0.3567942214573535
PA4056,263.5,223.4,291.3,259.4,163.7,140.9,123.3,142.633333333333,459.3,306.2,160.5,308.666666666667,284.3,238.0,208.6,243.633333333333,207.3,158.6,179.9,181.933333333333,221.8,156.9,182.4,187.033333333333,102.0,163.0,130.6,131.866666666667,135.3,770.6,110.9,338.933333333333,187.5,13.8,213.9,138.4,216.9,250.2,126.7,197.933333333333,0.0
PA4279,0.0,0.0,0.0,0.0,0.0,0.0,0.0,0.0,0.0,0.0,0.0,0.0,0.0,0.0,0.0,0.0,0.0,0.0,0.0,0.0,0.0,0.0,0.0,0.0,0.0,0.0,0.0,0.0,0.0,0.0,0.0,0.0,0.0,0.0,0.0,0.0,0.0,0.0,0.0,0.0,0.0
PA4043,294.8,295.0,348.9,312.9,309.6,0.0,0.0,103.2,0.0,0.0,318.4,106.133333333333,0.0,0.0,320.2,106.733333333333,270.6,0.0,0.0,90.2,0.0,0.0,0.0,0.0,0.0,0.0,0.0,0.0,282.4,43.0,302.5,209.3,0.0,0.0,0.0,0.0,0.0,0.0,0.0,0.0,0.0027958642906974387
PA2407,0.0,0.0,0.0,0.0,0.0,57.7,76.6,44.7666666666667,0.0,0.0,0.0,0.0,0.0,0.0,0.0,0.0,0.0,68.6,51.1,39.9,54.2,58.1,58.9,57.0666666666667,94.1,71.5,63.5,76.3666666666667,0.0,0.0,0.0,0.0,0.0,0.0,0.0,0.0,0.0,0.0,0.0,0.0,0.0
PA0849,0.0,0.0,0.0,0.0,0.0,0.0,0.0,0.0,0.0,0.0,0.0,0.0,0.0,0.0,0.0,0.0,0.0,0.0,0.0,0.0,0.0,0.0,0.0,0.0,0.0,0.0,0.0,0.0,0.0,0.0,0.0,0.0,0.0,0.0,0.0,0.0,0.0,0.0,0.0,0.0,1.3250719219331435
PA5188,0.0,0.0,0.0,0.0,0.0,0.0,0.0,0.0,125.8,110.5,0.0,78.7666666666667,155.8,173.8,0.0,109.866666666667,0.0,0.0,0.0,0.0,0.0,0.0,0.0,0.0,0.0,0.0,0.0,0.0,0.0,0.0,0.0,0.0,139.8,47.1,146.2,111.033333333333,134.4,142.1,123.1,133.2,22.89791466233961
PA3189,0.0,0.0,0.0,0.0,0.0,0.0,0.0,0.0,93.8,119.7,0.0,71.1666666666667,97.8,153.1,0.0,83.6333333333333,0.0,0.0,0.0,0.0,0.0,0.0,0.0,0.0,0.0,0.0,0.0,0.0,0.0,0.0,0.0,0.0,151.4,9.4,127.0,95.9333333333333,163.8,138.8,128.0,143.533333333333,10.0
PA1543,425.2,383.5,396.0,401.566666666667,408.8,0.0,0.0,136.266666666667,391.7,283.5,419.5,364.9,296.1,284.9,367.3,316.1,345.6,0.0,0.0,115.2,0.0,0.0,0.0,0.0,0.0,0.0,0.0,0.0,391.3,20.8,473.0,295.033333333333,315.2,45.1,372.4,244.233333333333,346.9,351.2,362.9,353.666666666667,0.0
PA3924,555.1,399.0,383.5,445.866666666667,458.1,25.9,30.3,171.433333333333,630.0,583.0,197.1,470.033333333333,551.0,615.9,316.6,494.5,294.9,43.6,192.6,177.033333333333,207.4,225.4,205.1,212.633333333333,192.0,184.0,233.1,203.033333333333,497.2,46.8,391.0,311.666666666667,604.4,63.8,593.1,420.433333333333,539.9,444.1,428.4,470.8,0.0
PA1429,231.0,285.4,279.8,265.4,267.2,302.6,330.1,299.966666666667,94.0,246.2,292.4,210.866666666667,218.8,270.3,256.5,248.533333333333,243.3,256.6,321.5,273.8,314.9,245.6,335.7,298.733333333333,292.2,366.8,280.9,313.3,229.6,29.2,277.4,178.733333333333,232.3,77.3,230.7,180.1,178.4,258.7,268.3,235.133333333333,105.65741225772656
PA5376,135.7,188.4,229.1,184.4,187.1,0.0,0.0,62.3666666666667,216.3,167.0,228.9,204.066666666667,157.9,165.5,164.5,162.633333333333,168.9,0.0,0.0,56.3,0.0,0.0,0.0,0.0,0.0,0.0,0.0,0.0,167.5,276.7,162.1,202.1,155.1,26.7,155.7,112.5,175.9,165.6,75.2,138.9,0.0
PA0011,0.0,0.0,0.0,0.0,0.0,67.1,56.3,41.1333333333333,0.0,0.0,0.0,0.0,0.0,0.0,0.0,0.0,0.0,126.4,97.0,74.4666666666667,65.3,49.0,88.3,67.5333333333333,48.9,55.3,68.7,57.6333333333333,0.0,0.0,0.0,0.0,0.0,0.0,0.0,0.0,0.0,0.0,0.0,0.0,0.0
PA5074,216.0,317.2,296.2,276.466666666667,238.7,242.6,288.2,256.5,0.0,0.0,262.9,87.6333333333333,0.0,0.0,303.0,101.0,240.9,226.5,241.8,236.4,223.0,215.1,231.4,223.166666666667,255.2,295.5,247.4,266.033333333333,253.2,7.3,335.2,198.566666666667,0.0,0.0,0.0,0.0,0.0,0.0,0.0,0.0,0.0
PA3569,0.0,0.0,0.0,0.0,0.0,0.0,0.0,0.0,96.1,136.0,0.0,77.3666666666667,173.8,223.0,0.0,132.266666666667,0.0,0.0,0.0,0.0,0.0,0.0,0.0,0.0,0.0,0.0,0.0,0.0,0.0,0.0,0.0,0.0,186.3,50.9,211.8,149.666666666667,205.5,179.3,213.4,199.4,0.0
PA4846,264.5,255.1,251.5,257.033333333333,247.5,44.5,62.0,118.0,300.1,238.4,298.3,278.933333333333,275.1,263.7,299.7,279.5,261.9,43.3,35.3,113.5,36.2,52.9,55.8,48.3,48.7,29.2,48.0,41.9666666666667,277.8,51.6,292.8,207.4,306.8,49.5,331.7,229.333333333333,318.4,347.2,358.2,341.266666666667,0.002795864290697533
PA3976,0.0,0.0,0.0,0.0,0.0,0.0,0.0,0.0,0.0,0.0,0.0,0.0,0.0,0.0,0.0,0.0,0.0,0.0,0.0,0.0,0.0,0.0,0.0,0.0,0.0,0.0,0.0,0.0,0.0,0.0,0.0,0.0,0.0,0.0,0.0,0.0,0.0,0.0,0.0,0.0,0.0
PA1162,0.0,0.0,0.0,0.0,0.0,89.7,71.9,53.8666666666667,0.0,0.0,0.0,0.0,0.0,0.0,0.0,0.0,0.0,106.4,117.2,74.5333333333334,77.5,123.8,104.9,102.066666666667,72.6,115.4,110.0,99.3333333333333,0.0,0.0,0.0,0.0,0.0,0.0,0.0,0.0,0.0,0.0,0.0,0.0,0.7460344480082507
PA1326,0.0,0.0,0.0,0.0,0.0,0.0,0.0,0.0,0.0,0.0,0.0,0.0,0.0,0.0,0.0,0.0,0.0,0.0,0.0,0.0,0.0,0.0,0.0,0.0,0.0,0.0,0.0,0.0,0.0,0.0,0.0,0.0,0.0,0.0,0.0,0.0,0.0,0.0,0.0,0.0,0.0
PA0761,0.0,0.0,0.0,0.0,0.0,186.4,163.2,116.533333333333,0.0,0.0,0.0,0.0,0.0,0.0,0.0,0.0,0.0,204.7,155.7,120.133333333333,537.9,423.5,457.0,472.8,241.9,210.2,217.4,223.166666666667,0.0,0.0,0.0,0.0,0.0,0.0,0.0,0.0,0.0,0.0,0.0,0.0,0.0
PA2537,0.0,0.0,0.0,0.0,0.0,370.6,337.4,236.0,116.2,186.3,0.0,100.833333333333,179.7,211.4,0.0,130.366666666667,0.0,341.4,352.3,231.233333333333,302.5,390.3,349.2,347.333333333333,355.9,336.8,355.0,349.233333333333,0.0,0.0,0.0,0.0,228.4,33.2,207.2,156.266666666667,225.9,257.5,183.5,222.3,3.188913043585122
PA0148,0.0,0.0,0.0,0.0,0.0,226.8,193.7,140.166666666667,0.0,0.0,0.0,0.0,0.0,0.0,0.0,0.0,0.0,167.7,209.3,125.666666666667,225.6,223.2,200.6,216.466666666667,186.8,172.3,181.9,180.333333333333,0.0,0.0,0.0,0.0,0.0,0.0,0.0,0.0,0.0,0.0,0.0,0.0,0.0
PA3300,0.0,0.0,0.0,0.0,0.0,203.6,177.0,126.866666666667,170.3,172.1,0.0,114.133333333333,112.5,180.5,0.0,97.6666666666667,0.0,177.0,166.3,114.433333333333,175.5,203.7,182.5,187.233333333333,219.1,174.9,196.1,196.7,0.0,0.0,0.0,0.0,143.1,11.2,146.4,100.233333333333,108.0,134.1,129.2,123.766666666667,0.0
PA5479,386.1,334.6,311.7,344.133333333333,401.0,0.0,0.0,133.666666666667,0.0,0.0,399.2,133.066666666667,0.0,0.0,363.3,121.1,336.0,0.0,0.0,112.0,0.0,0.0,0.0,0.0,0.0,0.0,0.0,0.0,443.5,82.5,381.7,302.566666666667,0.0,0.0,0.0,0.0,0.0,0.0,0.0,0.0,281.6192458100888
PA5039,0.0,0.0,0.0,0.0,0.0,189.2,191.9,127.033333333333,0.0,0.0,0.0,0.0,0.0,0.0,0.0,0.0,0.0,211.9,209.8,140.566666666667,144.7,155.2,198.0,165.966666666667,186.7,186.1,196.6,189.8,0.0,0.0,0.0,0.0,0.0,0.0,0.0,0.0,0.0,0.0,0.0,0.0,0.0027958642906975324
PA4626,0.0,0.0,0.0,0.0,0.0,320.4,276.9,199.1,0.0,0.0,0.0,0.0,0.0,0.0,0.0,0.0,0.0,332.7,322.5,218.4,292.9,326.6,313.3,310.933333333333,303.9,315.2,278.4,299.166666666667,0.0,0.0,0.0,0.0,0.0,0.0,0.0,0.0,0.0,0.0,0.0,0.0,0.0
PA2264,0.0,0.0,0.0,0.0,0.0,0.0,0.0,0.0,0.0,0.0,0.0,0.0,0.0,0.0,0.0,0.0,0.0,0.0,0.0,0.0,0.0,0.0,0.0,0.0,0.0,0.0,0.0,0.0,0.0,0.0,0.0,0.0,0.0,0.0,0.0,0.0,0.0,0.0,0.0,0.0,0.0
PA4733,0.0,0.0,0.0,0.0,0.0,0.0,0.0,0.0,0.0,0.0,0.0,0.0,0.0,0.0,0.0,0.0,0.0,0.0,0.0,0.0,0.0,0.0,0.0,0.0,0.0,0.0,0.0,0.0,0.0,0.0,0.0,0.0,0.0,0.0,0.0,0.0,0.0,0.0,0.0,0.0,15.802177725771703
PA5291,0.0,0.0,0.0,0.0,0.0,0.0,0.0,0.0,64.4,147.5,0.0,70.6333333333333,121.3,158.5,0.0,93.2666666666667,0.0,0.0,0.0,0.0,0.0,0.0,0.0,0.0,0.0,0.0,0.0,0.0,0.0,0.0,0.0,0.0,208.0,23.9,193.1,141.666666666667,220.7,213.9,139.2,191.266666666667,9.999999999999968
PA0896,0.0,0.0,0.0,0.0,0.0,0.0,0.0,0.0,0.0,0.0,0.0,0.0,0.0,0.0,0.0,0.0,0.0,0.0,0.0,0.0,0.0,0.0,0.0,0.0,0.0,0.0,0.0,0.0,0.0,0.0,0.0,0.0,0.0,0.0,0.0,0.0,0.0,0.0,0.0,0.0,0.0
PA3920,0.0,0.0,0.0,0.0,0.0,0.0,0.0,0.0,0.0,0.0,0.0,0.0,0.0,0.0,0.0,0.0,0.0,0.0,0.0,0.0,0.0,0.0,0.0,0.0,0.0,0.0,0.0,0.0,0.0,0.0,0.0,0.0,0.0,0.0,0.0,0.0,0.0,0.0,0.0,0.0,0.0
PA4693,0.0,0.0,0.0,0.0,0.0,0.0,0.0,0.0,0.0,0.0,0.0,0.0,0.0,0.0,0.0,0.0,0.0,0.0,0.0,0.0,0.0,0.0,0.0,0.0,0.0,0.0,0.0,0.0,0.0,0.0,0.0,0.0,0.0,0.0,0.0,0.0,0.0,0.0,0.0,0.0,1.995725674867755
PA1375,389.1,359.3,292.4,346.933333333333,346.1,0.0,0.0,115.366666666667,196.2,201.3,398.8,265.433333333333,170.7,130.2,414.0,238.3,366.9,0.0,0.0,122.3,0.0,0.0,0.0,0.0,0.0,0.0,0.0,0.0,404.8,557.6,375.6,446.0,181.6,52.9,152.4,128.966666666667,214.7,153.8,231.2,199.9,0.0
PA2637,0.0,0.0,0.0,0.0,0.0,160.7,119.1,93.2666666666667,0.0,0.0,0.0,0.0,0.0,0.0,0.0,0.0,0.0,127.4,128.7,85.3666666666667,147.4,106.6,125.0,126.333333333333,99.6,112.4,128.3,113.433333333333,0.0,0.0,0.0,0.0,0.0,0.0,0.0,0.0,0.0,0.0,0.0,0.0,80.75119569407249
PA3250,0.0,0.0,0.0,0.0,0.0,87.8,65.6,51.1333333333333,0.0,0.0,0.0,0.0,0.0,0.0,0.0,0.0,0.0,153.4,113.6,89.0,104.6,152.0,134.0,130.2,60.9,87.5,78.8,75.7333333333333,0.0,0.0,0.0,0.0,0.0,0.0,0.0,0.0,0.0,0.0,0.0,0.0,0.0
PA0524,147.1,136.7,251.8,178.533333333333,166.2,404.4,383.3,317.966666666667,103.8,126.7,124.1,118.2,122.1,129.9,154.3,135.433333333333,112.1,493.0,464.2,356.433333333333,381.6,636.9,552.9,523.8,473.2,392.7,443.4,436.433333333333,106.7,318.3,141.7,188.9,128.2,32.6,150.4,103.733333333333,125.8,121.5,152.2,133.166666666667,0.0
PA4292,0.0,0.0,0.0,0.0,0.0,45.0,60.7,35.2333333333333,100.7,126.6,0.0,75.7666666666667,117.2,104.9,0.0,74.0333333333334,0.0,63.2,48.9,37.3666666666667,53.5,65.7,56.4,58.5333333333333,56.7,59.7,51.8,56.0666666666667,0.0,0.0,0.0,0.0,108.3,39.0,153.3,100.2,146.3,92.5,136.9,125.233333333333,170.08905185961237
PA1279,0.0,0.0,0.0,0.0,0.0,56.1,55.9,37.3333333333333,0.0,0.0,0.0,0.0,0.0,0.0,0.0,0.0,0.0,75.9,73.6,49.8333333333333,79.1,52.8,69.0,66.9666666666667,78.5,82.6,60.0,73.7,0.0,0.0,0.0,0.0,0.0,0.0,0.0,0.0,0.0,0.0,0.0,0.0,0.0
PA0551,106.8,152.4,176.2,145.133333333333,168.8,0.0,0.0,56.2666666666667,157.9,221.2,142.7,173.933333333333,148.8,122.7,166.0,145.833333333333,140.2,0.0,0.0,46.7333333333333,0.0,0.0,0.0,0.0,0.0,0.0,0.0,0.0,198.8,42.3,154.9,132.0,179.0,35.7,178.3,131.0,183.7,126.9,237.5,182.7,0.0
PA4728,0.0,0.0,0.0,0.0,0.0,319.2,320.1,213.1,0.0,0.0,0.0,0.0,0.0,0.0,0.0,0.0,0.0,305.0,295.5,200.166666666667,370.9,285.0,309.4,321.766666666667,321.7,326.7,320.9,323.1,0.0,0.0,0.0,0.0,0.0,0.0,0.0,0.0,0.0,0.0,0.0,0.0,0.0013979321453488137
PA1655,82.6,82.0,29.9,64.8333333333333,69.8,400.5,458.7,309.666666666667,345.8,246.3,87.5,226.533333333333,381.3,329.1,107.8,272.733333333333,116.1,394.8,354.5,288.466666666667,418.8,385.5,340.2,381.5,401.3,366.7,375.7,381.233333333333,115.7,231.5,117.9,155.033333333333,384.7,19.7,407.4,270.6,355.0,371.9,322.7,349.866666666667,0.0
PA5357,0.0,0.0,0.0,0.0,0.0,0.0,0.0,0.0,0.0,0.0,0.0,0.0,0.0,0.0,0.0,0.0,0.0,0.0,0.0,0.0,0.0,0.0,0.0,0.0,0.0,0.0,0.0,0.0,0.0,0.0,0.0,0.0,0.0,0.0,0.0,0.0,0.0,0.0,0.0,0.0,0.0013979321453487191
PA5498,0.0,0.0,0.0,0.0,0.0,305.7,274.4,193.366666666667,0.0,0.0,0.0,0.0,0.0,0.0,0.0,0.0,0.0,307.8,301.7,203.166666666667,250.4,286.3,302.3,279.666666666667,321.8,267.1,272.5,287.133333333333,0.0,0.0,0.0,0.0,0.0,0.0,0.0,0.0,0.0,0.0,0.0,0.0,0.0
PA3242,177.4,142.3,148.0,155.9,87.9,0.0,0.0,29.3,95.1,148.7,181.1,141.633333333333,108.1,92.9,141.5,114.166666666667,102.6,0.0,0.0,34.2,0.0,0.0,0.0,0.0,0.0,0.0,0.0,0.0,133.4,637.5,99.8,290.233333333333,121.9,19.7,139.2,93.6,51.7,140.8,115.9,102.8,0.3567942214573535
PA3896,0.0,0.0,0.0,0.0,0.0,144.3,150.6,98.3,0.0,0.0,0.0,0.0,0.0,0.0,0.0,0.0,0.0,138.8,122.3,87.0333333333334,123.6,110.6,122.6,118.933333333333,148.8,133.5,145.8,142.7,0.0,0.0,0.0,0.0,0.0,0.0,0.0,0.0,0.0,0.0,0.0,0.0,141.8019905709796
PA5066,277.6,290.7,308.7,292.333333333333,304.3,0.0,0.0,101.433333333333,0.0,0.0,307.3,102.433333333333,0.0,0.0,281.5,93.8333333333333,292.8,0.0,0.0,97.6,0.0,0.0,0.0,0.0,0.0,0.0,0.0,0.0,235.8,1233.0,226.2,565.0,0.0,0.0,0.0,0.0,0.0,0.0,0.0,0.0,0.0
PA4868,172.1,150.8,234.7,185.866666666667,168.4,214.7,238.6,207.233333333333,0.0,0.0,167.5,55.8333333333333,0.0,0.0,161.5,53.8333333333333,162.4,250.3,192.6,201.766666666667,171.9,258.4,206.6,212.3,402.9,372.2,332.6,369.233333333333,171.2,763.3,131.0,355.166666666667,0.0,0.0,0.0,0.0,0.0,0.0,0.0,0.0,0.0
PA0884,0.0,0.0,0.0,0.0,0.0,0.0,0.0,0.0,0.0,0.0,0.0,0.0,0.0,0.0,0.0,0.0,0.0,0.0,0.0,0.0,0.0,0.0,0.0,0.0,0.0,0.0,0.0,0.0,0.0,0.0,0.0,0.0,0.0,0.0,0.0,0.0,0.0,0.0,0.0,0.0,117.44368779465688
PA5152,0.0,0.0,0.0,0.0,0.0,67.1,74.9,47.3333333333333,310.4,229.4,0.0,179.933333333333,264.9,232.3,0.0,165.733333333333,0.0,81.6,73.3,51.6333333333333,87.7,78.7,74.6,80.3333333333333,72.9,58.4,77.0,69.4333333333333,0.0,0.0,0.0,0.0,257.1,31.1,279.5,189.233333333333,261.7,258.9,220.4,247.0,0.0
PA1756,0.0,0.0,0.0,0.0,0.0,294.2,281.4,191.866666666667,136.3,179.0,0.0,105.1,184.3,143.5,0.0,109.266666666667,0.0,282.3,257.6,179.966666666667,357.2,353.3,278.4,329.633333333333,357.8,416.2,249.6,341.2,0.0,0.0,0.0,0.0,167.2,24.7,211.9,134.6,122.1,132.3,131.9,128.766666666667,0.0
PA1582,228.7,182.9,236.5,216.033333333333,161.8,77.5,51.1,96.8,122.5,159.0,193.9,158.466666666667,94.4,114.8,175.7,128.3,189.0,91.3,65.5,115.266666666667,54.3,80.4,75.8,70.1666666666667,65.5,62.3,64.9,64.2333333333333,236.6,10.7,191.6,146.3,145.7,33.0,135.5,104.733333333333,129.7,130.5,124.2,128.133333333333,4.802049908627017
PA2905,0.0,0.0,0.0,0.0,0.0,0.0,0.0,0.0,0.0,0.0,0.0,0.0,0.0,0.0,0.0,0.0,0.0,0.0,0.0,0.0,0.0,0.0,0.0,0.0,0.0,0.0,0.0,0.0,0.0,0.0,0.0,0.0,0.0,0.0,0.0,0.0,0.0,0.0,0.0,0.0,0.0
PA2265,0.0,0.0,0.0,0.0,0.0,59.5,65.4,41.6333333333333,0.0,0.0,0.0,0.0,0.0,0.0,0.0,0.0,0.0,63.8,68.5,44.1,54.2,62.0,77.5,64.5666666666667,79.2,62.6,61.3,67.7,0.0,0.0,0.0,0.0,0.0,0.0,0.0,0.0,0.0,0.0,0.0,0.0,0.0
PA3858,0.0,0.0,0.0,0.0,0.0,359.9,500.6,286.833333333333,0.0,0.0,0.0,0.0,0.0,0.0,0.0,0.0,0.0,370.7,464.1,278.266666666667,296.8,381.2,358.4,345.466666666667,373.2,367.0,491.8,410.666666666667,0.0,0.0,0.0,0.0,0.0,0.0,0.0,0.0,0.0,0.0,0.0,0.0,0.0
PA5175,0.0,0.0,0.0,0.0,0.0,0.0,0.0,0.0,0.0,0.0,0.0,0.0,0.0,0.0,0.0,0.0,0.0,0.0,0.0,0.0,0.0,0.0,0.0,0.0,0.0,0.0,0.0,0.0,0.0,0.0,0.0,0.0,0.0,0.0,0.0,0.0,0.0,0.0,0.0,0.0,0.0
PA3146,0.0,0.0,0.0,0.0,0.0,136.7,146.5,94.4,316.7,313.2,0.0,209.966666666667,257.5,351.9,0.0,203.133333333333,0.0,161.4,134.4,98.6,142.9,154.5,139.7,145.7,167.8,144.8,167.7,160.1,0.0,0.0,0.0,0.0,350.7,47.0,336.3,244.666666666667,350.0,303.6,340.0,331.2,0.0
PA3860,0.0,0.0,0.0,0.0,0.0,0.0,0.0,0.0,0.0,0.0,0.0,0.0,0.0,0.0,0.0,0.0,0.0,0.0,0.0,0.0,0.0,0.0,0.0,0.0,0.0,0.0,0.0,0.0,0.0,0.0,0.0,0.0,0.0,0.0,0.0,0.0,0.0,0.0,0.0,0.0,0.0
PA3156,189.4,178.0,196.0,187.8,156.5,0.0,0.0,52.1666666666667,156.4,135.6,194.6,162.2,144.2,168.1,166.4,159.566666666667,156.0,0.0,0.0,52.0,0.0,0.0,0.0,0.0,0.0,0.0,0.0,0.0,128.5,17.1,157.6,101.066666666667,161.4,54.3,177.1,130.933333333333,151.7,164.8,154.0,156.833333333333,0.0
PA4865,0.0,0.0,0.0,0.0,0.0,0.0,0.0,0.0,0.0,0.0,0.0,0.0,0.0,0.0,0.0,0.0,0.0,0.0,0.0,0.0,0.0,0.0,0.0,0.0,0.0,0.0,0.0,0.0,0.0,0.0,0.0,0.0,0.0,0.0,0.0,0.0,0.0,0.0,0.0,0.0,0.0
PA2443,0.0,0.0,0.0,0.0,0.0,0.0,0.0,0.0,158.7,264.6,0.0,141.1,216.7,202.3,0.0,139.666666666667,0.0,0.0,0.0,0.0,0.0,0.0,0.0,0.0,0.0,0.0,0.0,0.0,0.0,0.0,0.0,0.0,219.9,17.1,293.2,176.733333333333,246.5,239.4,193.6,226.5,6.476808987459579
PA4198,0.0,0.0,0.0,0.0,0.0,197.5,243.9,147.133333333333,0.0,0.0,0.0,0.0,0.0,0.0,0.0,0.0,0.0,205.0,197.6,134.2,147.2,190.5,196.9,178.2,223.2,224.8,250.6,232.866666666667,0.0,0.0,0.0,0.0,0.0,0.0,0.0,0.0,0.0,0.0,0.0,0.0,0.0
PA0593,0.0,0.0,0.0,0.0,0.0,258.2,240.9,166.366666666667,0.0,0.0,0.0,0.0,0.0,0.0,0.0,0.0,0.0,271.6,237.9,169.833333333333,260.8,283.1,255.9,266.6,314.4,267.7,332.3,304.8,0.0,0.0,0.0,0.0,0.0,0.0,0.0,0.0,0.0,0.0,0.0,0.0,0.0
PA0313,0.0,0.0,0.0,0.0,0.0,0.0,0.0,0.0,0.0,0.0,0.0,0.0,0.0,0.0,0.0,0.0,0.0,0.0,0.0,0.0,0.0,0.0,0.0,0.0,0.0,0.0,0.0,0.0,0.0,0.0,0.0,0.0,0.0,0.0,0.0,0.0,0.0,0.0,0.0,0.0,0.0
PA2322,216.1,293.3,206.4,238.6,226.5,181.7,175.8,194.666666666667,0.0,0.0,223.9,74.6333333333333,0.0,0.0,226.0,75.3333333333333,286.1,122.8,130.6,179.833333333333,245.7,167.1,136.2,183.0,148.6,117.0,135.3,133.633333333333,259.9,28.5,224.4,170.933333333333,0.0,0.0,0.0,0.0,0.0,0.0,0.0,0.0,141.80199057097957
PA4988,0.0,0.0,0.0,0.0,0.0,0.0,0.0,0.0,0.0,0.0,0.0,0.0,0.0,0.0,0.0,0.0,0.0,0.0,0.0,0.0,0.0,0.0,0.0,0.0,0.0,0.0,0.0,0.0,0.0,0.0,0.0,0.0,0.0,0.0,0.0,0.0,0.0,0.0,0.0,0.0,0.0
PA2266,0.0,0.0,0.0,0.0,0.0,82.7,74.2,52.3,0.0,0.0,0.0,0.0,0.0,0.0,0.0,0.0,0.0,72.4,67.0,46.4666666666667,57.9,82.7,63.7,68.1,69.3,64.8,66.8,66.9666666666667,0.0,0.0,0.0,0.0,0.0,0.0,0.0,0.0,0.0,0.0,0.0,0.0,0.0
PA1340,0.0,0.0,0.0,0.0,0.0,179.5,165.7,115.066666666667,7.2,207.6,0.0,71.6,291.9,297.2,0.0,196.366666666667,0.0,187.0,148.5,111.833333333333,123.0,126.0,124.8,124.6,181.3,146.4,176.5,168.066666666667,0.0,0.0,0.0,0.0,284.2,34.0,326.6,214.933333333333,285.0,233.6,328.4,282.333333333333,0.0
PA1373,0.0,0.0,0.0,0.0,0.0,75.7,94.7,56.8,0.0,0.0,0.0,0.0,0.0,0.0,0.0,0.0,0.0,64.0,86.0,50.0,83.9,59.4,75.8,73.0333333333334,74.8,93.6,73.1,80.5,0.0,0.0,0.0,0.0,0.0,0.0,0.0,0.0,0.0,0.0,0.0,0.0,3.013779824829406
PA4003,0.0,0.0,0.0,0.0,0.0,0.0,0.0,0.0,0.0,0.0,0.0,0.0,0.0,0.0,0.0,0.0,0.0,0.0,0.0,0.0,0.0,0.0,0.0,0.0,0.0,0.0,0.0,0.0,0.0,0.0,0.0,0.0,0.0,0.0,0.0,0.0,0.0,0.0,0.0,0.0,0.7460344480082507
PA4024,0.0,0.0,0.0,0.0,0.0,0.0,0.0,0.0,0.0,0.0,0.0,0.0,0.0,0.0,0.0,0.0,0.0,0.0,0.0,0.0,0.0,0.0,0.0,0.0,0.0,0.0,0.0,0.0,0.0,0.0,0.0,0.0,0.0,0.0,0.0,0.0,0.0,0.0,0.0,0.0,0.0
PA0005,0.0,0.0,0.0,0.0,0.0,171.7,176.4,116.033333333333,0.0,0.0,0.0,0.0,0.0,0.0,0.0,0.0,0.0,157.8,176.9,111.566666666667,193.5,165.3,155.0,171.266666666667,164.7,171.2,143.0,159.633333333333,0.0,0.0,0.0,0.0,0.0,0.0,0.0,0.0,0.0,0.0,0.0,0.0,3.188913043585122
PA0280,0.0,0.0,0.0,0.0,0.0,198.5,195.8,131.433333333333,0.0,0.0,0.0,0.0,0.0,0.0,0.0,0.0,0.0,215.1,205.9,140.333333333333,165.6,158.2,185.8,169.866666666667,205.9,206.6,226.4,212.966666666667,0.0,0.0,0.0,0.0,0.0,0.0,0.0,0.0,0.0,0.0,0.0,0.0,0.0
PA3438,0.0,0.0,0.0,0.0,0.0,0.0,0.0,0.0,0.0,0.0,0.0,0.0,0.0,0.0,0.0,0.0,0.0,0.0,0.0,0.0,0.0,0.0,0.0,0.0,0.0,0.0,0.0,0.0,0.0,0.0,0.0,0.0,0.0,0.0,0.0,0.0,0.0,0.0,0.0,0.0,0.0013979321453488134
PA4358,0.0,0.0,0.0,0.0,0.0,0.0,0.0,0.0,0.0,0.0,0.0,0.0,0.0,0.0,0.0,0.0,0.0,0.0,0.0,0.0,0.0,0.0,0.0,0.0,0.0,0.0,0.0,0.0,0.0,0.0,0.0,0.0,0.0,0.0,0.0,0.0,0.0,0.0,0.0,0.0,0.0013979321453487185
PA5516,0.0,0.0,0.0,0.0,0.0,54.2,46.0,33.4,0.0,0.0,0.0,0.0,0.0,0.0,0.0,0.0,0.0,57.5,50.8,36.1,30.2,52.2,40.5,40.9666666666667,50.5,51.8,47.6,49.9666666666667,0.0,0.0,0.0,0.0,0.0,0.0,0.0,0.0,0.0,0.0,0.0,0.0,74.18506644423731
PA1758,0.0,0.0,0.0,0.0,0.0,0.0,0.0,0.0,0.0,0.0,0.0,0.0,0.0,0.0,0.0,0.0,0.0,0.0,0.0,0.0,0.0,0.0,0.0,0.0,0.0,0.0,0.0,0.0,0.0,0.0,0.0,0.0,0.0,0.0,0.0,0.0,0.0,0.0,0.0,0.0,0.0013979321453488134
PA0350,0.0,0.0,0.0,0.0,0.0,0.0,0.0,0.0,0.0,0.0,0.0,0.0,0.0,0.0,0.0,0.0,0.0,0.0,0.0,0.0,0.0,0.0,0.0,0.0,0.0,0.0,0.0,0.0,0.0,0.0,0.0,0.0,0.0,0.0,0.0,0.0,0.0,0.0,0.0,0.0,0.22666071804684138
PA4138,0.0,0.0,0.0,0.0,0.0,0.0,0.0,0.0,0.0,0.0,0.0,0.0,0.0,0.0,0.0,0.0,0.0,0.0,0.0,0.0,0.0,0.0,0.0,0.0,0.0,0.0,0.0,0.0,0.0,0.0,0.0,0.0,0.0,0.0,0.0,0.0,0.0,0.0,0.0,0.0,0.0
PA5011,0.0,0.0,0.0,0.0,0.0,0.0,0.0,0.0,49.8,63.6,0.0,37.8,37.3,106.3,0.0,47.8666666666667,0.0,0.0,0.0,0.0,0.0,0.0,0.0,0.0,0.0,0.0,0.0,0.0,0.0,0.0,0.0,0.0,66.4,38.9,77.9,61.0666666666667,48.6,39.4,42.5,43.5,0.0
PA2052,0.0,0.0,0.0,0.0,0.0,302.6,304.0,202.2,0.0,0.0,0.0,0.0,0.0,0.0,0.0,0.0,0.0,276.8,275.1,183.966666666667,210.2,266.6,279.4,252.066666666667,361.3,302.0,285.6,316.3,0.0,0.0,0.0,0.0,0.0,0.0,0.0,0.0,0.0,0.0,0.0,0.0,0.0
PA0789,323.7,306.9,378.7,336.433333333333,337.7,0.0,0.0,112.566666666667,242.0,403.8,442.0,362.6,217.6,278.4,419.9,305.3,385.9,0.0,0.0,128.633333333333,0.0,0.0,0.0,0.0,0.0,0.0,0.0,0.0,300.4,48.5,369.9,239.6,354.1,47.3,397.8,266.4,354.2,258.0,346.0,319.4,0.0
PA5523,0.0,0.0,0.0,0.0,0.0,160.4,142.4,100.933333333333,0.0,0.0,0.0,0.0,0.0,0.0,0.0,0.0,0.0,224.9,214.3,146.4,197.3,232.9,182.1,204.1,129.9,155.9,195.9,160.566666666667,0.0,0.0,0.0,0.0,0.0,0.0,0.0,0.0,0.0,0.0,0.0,0.0,0.011183457162789748
PA0944,0.0,0.0,0.0,0.0,0.0,0.0,0.0,0.0,0.0,0.0,0.0,0.0,0.0,0.0,0.0,0.0,0.0,0.0,0.0,0.0,0.0,0.0,0.0,0.0,0.0,0.0,0.0,0.0,0.0,0.0,0.0,0.0,0.0,0.0,0.0,0.0,0.0,0.0,0.0,0.0,0.0
PA2042,0.0,0.0,0.0,0.0,0.0,164.0,143.0,102.333333333333,0.0,0.0,0.0,0.0,0.0,0.0,0.0,0.0,0.0,135.4,153.2,96.2,139.3,132.5,135.0,135.6,107.6,100.5,142.8,116.966666666667,0.0,0.0,0.0,0.0,0.0,0.0,0.0,0.0,0.0,0.0,0.0,0.0,19.999999999999737
PA3113,0.0,0.0,0.0,0.0,0.0,0.0,0.0,0.0,0.0,0.0,0.0,0.0,0.0,0.0,0.0,0.0,0.0,0.0,0.0,0.0,0.0,0.0,0.0,0.0,0.0,0.0,0.0,0.0,0.0,0.0,0.0,0.0,0.0,0.0,0.0,0.0,0.0,0.0,0.0,0.0,0.0
PA4662,0.0,0.0,0.0,0.0,0.0,73.9,73.4,49.1,0.0,0.0,0.0,0.0,0.0,0.0,0.0,0.0,0.0,76.7,63.7,46.8,72.1,63.6,64.5,66.7333333333333,93.0,88.0,96.5,92.5,0.0,0.0,0.0,0.0,0.0,0.0,0.0,0.0,0.0,0.0,0.0,0.0,0.7460344480082505
PA4468,0.0,0.0,0.0,0.0,0.0,0.0,0.0,0.0,0.0,0.0,0.0,0.0,0.0,0.0,0.0,0.0,0.0,0.0,0.0,0.0,0.0,0.0,0.0,0.0,0.0,0.0,0.0,0.0,0.0,0.0,0.0,0.0,0.0,0.0,0.0,0.0,0.0,0.0,0.0,0.0,0.0
PA2962,0.0,0.0,0.0,0.0,0.0,0.0,0.0,0.0,0.0,0.0,0.0,0.0,0.0,0.0,0.0,0.0,0.0,0.0,0.0,0.0,0.0,0.0,0.0,0.0,0.0,0.0,0.0,0.0,0.0,0.0,0.0,0.0,0.0,0.0,0.0,0.0,0.0,0.0,0.0,0.0,0.0
PA0510,0.0,0.0,0.0,0.0,0.0,0.0,0.0,0.0,0.0,0.0,0.0,0.0,0.0,0.0,0.0,0.0,0.0,0.0,0.0,0.0,0.0,0.0,0.0,0.0,0.0,0.0,0.0,0.0,0.0,0.0,0.0,0.0,0.0,0.0,0.0,0.0,0.0,0.0,0.0,0.0,0.0
PA5449,0.0,0.0,0.0,0.0,0.0,136.1,135.6,90.5666666666667,42.4,76.2,0.0,39.5333333333333,38.2,37.6,0.0,25.2666666666667,0.0,133.2,110.7,81.3,177.9,114.6,141.2,144.566666666667,133.2,125.6,124.7,127.833333333333,0.0,0.0,0.0,0.0,63.3,43.7,78.1,61.7,99.3,27.3,124.8,83.8,0.0
PA1638,0.0,0.0,0.0,0.0,0.0,0.0,0.0,0.0,0.0,0.0,0.0,0.0,0.0,0.0,0.0,0.0,0.0,0.0,0.0,0.0,0.0,0.0,0.0,0.0,0.0,0.0,0.0,0.0,0.0,0.0,0.0,0.0,0.0,0.0,0.0,0.0,0.0,0.0,0.0,0.0,0.0
PA1122,0.0,0.0,0.0,0.0,0.0,0.0,0.0,0.0,0.0,0.0,0.0,0.0,0.0,0.0,0.0,0.0,0.0,0.0,0.0,0.0,0.0,0.0,0.0,0.0,0.0,0.0,0.0,0.0,0.0,0.0,0.0,0.0,0.0,0.0,0.0,0.0,0.0,0.0,0.0,0.0,0.0
PA4512,0.0,0.0,0.0,0.0,0.0,0.0,0.0,0.0,0.0,0.0,0.0,0.0,0.0,0.0,0.0,0.0,0.0,0.0,0.0,0.0,0.0,0.0,0.0,0.0,0.0,0.0,0.0,0.0,0.0,0.0,0.0,0.0,0.0,0.0,0.0,0.0,0.0,0.0,0.0,0.0,0.0
PA3153,0.0,0.0,0.0,0.0,0.0,0.0,0.0,0.0,0.0,0.0,0.0,0.0,0.0,0.0,0.0,0.0,0.0,0.0,0.0,0.0,0.0,0.0,0.0,0.0,0.0,0.0,0.0,0.0,0.0,0.0,0.0,0.0,0.0,0.0,0.0,0.0,0.0,0.0,0.0,0.0,0.0
PA5092,0.0,0.0,0.0,0.0,0.0,0.0,0.0,0.0,0.0,0.0,0.0,0.0,0.0,0.0,0.0,0.0,0.0,0.0,0.0,0.0,0.0,0.0,0.0,0.0,0.0,0.0,0.0,0.0,0.0,0.0,0.0,0.0,0.0,0.0,0.0,0.0,0.0,0.0,0.0,0.0,8.868206176482769
PA5170,81.1,71.1,83.7,78.6333333333333,120.2,0.0,0.0,40.0666666666667,208.7,111.3,91.2,137.066666666667,89.5,97.1,89.1,91.9,121.8,0.0,0.0,40.6,0.0,0.0,0.0,0.0,0.0,0.0,0.0,0.0,103.5,494.6,85.0,227.7,85.3,45.6,78.8,69.9,124.1,84.2,71.0,93.1,10.0
PA5454,0.0,0.0,0.0,0.0,0.0,0.0,0.0,0.0,0.0,0.0,0.0,0.0,0.0,0.0,0.0,0.0,0.0,0.0,0.0,0.0,0.0,0.0,0.0,0.0,0.0,0.0,0.0,0.0,0.0,0.0,0.0,0.0,0.0,0.0,0.0,0.0,0.0,0.0,0.0,0.0,0.0
PA5421,0.0,0.0,0.0,0.0,0.0,0.0,0.0,0.0,0.0,0.0,0.0,0.0,0.0,0.0,0.0,0.0,0.0,0.0,0.0,0.0,0.0,0.0,0.0,0.0,0.0,0.0,0.0,0.0,0.0,0.0,0.0,0.0,0.0,0.0,0.0,0.0,0.0,0.0,0.0,0.0,0.0
PA5522,0.0,0.0,0.0,0.0,0.0,0.0,0.0,0.0,0.0,0.0,0.0,0.0,0.0,0.0,0.0,0.0,0.0,0.0,0.0,0.0,0.0,0.0,0.0,0.0,0.0,0.0,0.0,0.0,0.0,0.0,0.0,0.0,0.0,0.0,0.0,0.0,0.0,0.0,0.0,0.0,0.0
PA0927,0.0,0.0,0.0,0.0,0.0,106.7,107.2,71.3,0.0,0.0,0.0,0.0,0.0,0.0,0.0,0.0,0.0,98.7,96.2,64.9666666666667,167.4,118.9,96.6,127.633333333333,105.6,85.9,94.3,95.2666666666667,0.0,0.0,0.0,0.0,0.0,0.0,0.0,0.0,0.0,0.0,0.0,0.0,10.0
PA1736,0.0,0.0,0.0,0.0,0.0,0.0,0.0,0.0,0.0,0.0,0.0,0.0,0.0,0.0,0.0,0.0,0.0,0.0,0.0,0.0,0.0,0.0,0.0,0.0,0.0,0.0,0.0,0.0,0.0,0.0,0.0,0.0,0.0,0.0,0.0,0.0,0.0,0.0,0.0,0.0,8.34781195605526
PA0231,0.0,0.0,0.0,0.0,0.0,0.0,0.0,0.0,0.0,0.0,0.0,0.0,0.0,0.0,0.0,0.0,0.0,0.0,0.0,0.0,0.0,0.0,0.0,0.0,0.0,0.0,0.0,0.0,0.0,0.0,0.0,0.0,0.0,0.0,0.0,0.0,0.0,0.0,0.0,0.0,0.0
PA0511,0.0,0.0,0.0,0.0,0.0,0.0,0.0,0.0,0.0,0.0,0.0,0.0,0.0,0.0,0.0,0.0,0.0,0.0,0.0,0.0,0.0,0.0,0.0,0.0,0.0,0.0,0.0,0.0,0.0,0.0,0.0,0.0,0.0,0.0,0.0,0.0,0.0,0.0,0.0,0.0,0.0
PA5098,0.0,0.0,0.0,0.0,0.0,0.0,0.0,0.0,0.0,0.0,0.0,0.0,0.0,0.0,0.0,0.0,0.0,0.0,0.0,0.0,0.0,0.0,0.0,0.0,0.0,0.0,0.0,0.0,0.0,0.0,0.0,0.0,0.0,0.0,0.0,0.0,0.0,0.0,0.0,0.0,8.868206176482767
PA5168,0.0,0.0,0.0,0.0,0.0,0.0,0.0,0.0,0.0,0.0,0.0,0.0,0.0,0.0,0.0,0.0,0.0,0.0,0.0,0.0,0.0,0.0,0.0,0.0,0.0,0.0,0.0,0.0,0.0,0.0,0.0,0.0,0.0,0.0,0.0,0.0,0.0,0.0,0.0,0.0,117.44368779465688
PA5111,0.0,0.0,0.0,0.0,0.0,95.6,117.9,71.1666666666667,72.2,96.2,0.0,56.1333333333333,45.4,110.3,0.0,51.9,0.0,91.3,105.1,65.4666666666667,145.3,73.6,95.5,104.8,115.7,93.6,142.8,117.366666666667,0.0,0.0,0.0,0.0,98.4,43.4,73.7,71.8333333333333,111.8,118.7,63.0,97.8333333333333,0.0
PA2536,0.0,0.0,0.0,0.0,0.0,0.0,0.0,0.0,0.0,0.0,0.0,0.0,0.0,0.0,0.0,0.0,0.0,0.0,0.0,0.0,0.0,0.0,0.0,0.0,0.0,0.0,0.0,0.0,0.0,0.0,0.0,0.0,0.0,0.0,0.0,0.0,0.0,0.0,0.0,0.0,2.12509786443191
PA1792,0.0,0.0,0.0,0.0,0.0,0.0,0.0,0.0,0.0,0.0,0.0,0.0,0.0,0.0,0.0,0.0,0.0,0.0,0.0,0.0,0.0,0.0,0.0,0.0,0.0,0.0,0.0,0.0,0.0,0.0,0.0,0.0,0.0,0.0,0.0,0.0,0.0,0.0,0.0,0.0,0.3567942214573535
PA3660,0.0,0.0,0.0,0.0,0.0,274.7,474.9,249.866666666667,0.0,0.0,0.0,0.0,0.0,0.0,0.0,0.0,0.0,461.8,514.3,325.366666666667,516.7,498.2,482.7,499.2,396.8,423.5,381.6,400.633333333333,0.0,0.0,0.0,0.0,0.0,0.0,0.0,0.0,0.0,0.0,0.0,0.0,43.60610576214177
PA3876,0.0,0.0,0.0,0.0,0.0,0.0,0.0,0.0,0.0,0.0,0.0,0.0,0.0,0.0,0.0,0.0,0.0,0.0,0.0,0.0,0.0,0.0,0.0,0.0,0.0,0.0,0.0,0.0,0.0,0.0,0.0,0.0,0.0,0.0,0.0,0.0,0.0,0.0,0.0,0.0,19.999999999997424
PA5508,0.0,0.0,0.0,0.0,0.0,0.0,0.0,0.0,0.0,0.0,0.0,0.0,0.0,0.0,0.0,0.0,0.0,0.0,0.0,0.0,0.0,0.0,0.0,0.0,0.0,0.0,0.0,0.0,0.0,0.0,0.0,0.0,0.0,0.0,0.0,0.0,0.0,0.0,0.0,0.0,0.0
PA5321,0.0,0.0,0.0,0.0,0.0,0.0,0.0,0.0,0.0,0.0,0.0,0.0,0.0,0.0,0.0,0.0,0.0,0.0,0.0,0.0,0.0,0.0,0.0,0.0,0.0,0.0,0.0,0.0,0.0,0.0,0.0,0.0,0.0,0.0,0.0,0.0,0.0,0.0,0.0,0.0,0.0
PA2977,0.0,0.0,0.0,0.0,0.0,0.0,0.0,0.0,0.0,0.0,0.0,0.0,0.0,0.0,0.0,0.0,0.0,0.0,0.0,0.0,0.0,0.0,0.0,0.0,0.0,0.0,0.0,0.0,0.0,0.0,0.0,0.0,0.0,0.0,0.0,0.0,0.0,0.0,0.0,0.0,0.7460344480082507
PA2904,0.0,0.0,0.0,0.0,0.0,0.0,0.0,0.0,129.4,158.0,0.0,95.8,154.0,183.6,0.0,112.533333333333,0.0,0.0,0.0,0.0,0.0,0.0,0.0,0.0,0.0,0.0,0.0,0.0,0.0,0.0,0.0,0.0,165.5,14.6,208.5,129.533333333333,141.6,113.6,216.4,157.2,0.0
PA3633,0.0,0.0,0.0,0.0,0.0,0.0,0.0,0.0,0.0,0.0,0.0,0.0,0.0,0.0,0.0,0.0,0.0,0.0,0.0,0.0,0.0,0.0,0.0,0.0,0.0,0.0,0.0,0.0,0.0,0.0,0.0,0.0,0.0,0.0,0.0,0.0,0.0,0.0,0.0,0.0,0.012581389308138468
PA0514,0.0,0.0,0.0,0.0,0.0,0.0,0.0,0.0,0.0,0.0,0.0,0.0,0.0,0.0,0.0,0.0,0.0,0.0,0.0,0.0,0.0,0.0,0.0,0.0,0.0,0.0,0.0,0.0,0.0,0.0,0.0,0.0,0.0,0.0,0.0,0.0,0.0,0.0,0.0,0.0,0.0
PA2579,0.0,0.0,0.0,0.0,0.0,0.0,0.0,0.0,0.0,0.0,0.0,0.0,0.0,0.0,0.0,0.0,0.0,0.0,0.0,0.0,0.0,0.0,0.0,0.0,0.0,0.0,0.0,0.0,0.0,0.0,0.0,0.0,0.0,0.0,0.0,0.0,0.0,0.0,0.0,0.0,0.0
PA3607,0.0,0.0,0.0,0.0,0.0,0.0,0.0,0.0,0.0,0.0,0.0,0.0,0.0,0.0,0.0,0.0,0.0,0.0,0.0,0.0,0.0,0.0,0.0,0.0,0.0,0.0,0.0,0.0,0.0,0.0,0.0,0.0,0.0,0.0,0.0,0.0,0.0,0.0,0.0,0.0,0.0
PA4006,93.1,129.3,115.0,112.466666666667,154.3,0.0,0.0,51.4333333333333,73.2,92.8,125.1,97.0333333333334,156.7,136.3,112.0,135.0,109.1,0.0,0.0,36.3666666666667,0.0,0.0,0.0,0.0,0.0,0.0,0.0,0.0,96.0,14.3,142.2,84.1666666666667,133.4,39.4,120.8,97.8666666666667,155.5,133.2,136.9,141.866666666667,0.0
PA5559,169.6,122.7,179.2,157.166666666667,180.9,69.1,72.9,107.633333333333,112.5,138.6,163.2,138.1,149.7,156.5,199.3,168.5,175.7,46.2,52.8,91.5666666666667,48.0,33.5,54.0,45.1666666666667,56.7,48.1,36.4,47.0666666666667,148.1,48.9,150.8,115.933333333333,115.9,42.0,117.3,91.7333333333333,143.0,169.2,127.8,146.666666666667,369.8715475466668
PA4505,0.0,0.0,0.0,0.0,0.0,0.0,0.0,0.0,0.0,0.0,0.0,0.0,0.0,0.0,0.0,0.0,0.0,0.0,0.0,0.0,0.0,0.0,0.0,0.0,0.0,0.0,0.0,0.0,0.0,0.0,0.0,0.0,0.0,0.0,0.0,0.0,0.0,0.0,0.0,0.0,0.0
PA5530,0.0,0.0,0.0,0.0,0.0,0.0,0.0,0.0,0.0,0.0,0.0,0.0,0.0,0.0,0.0,0.0,0.0,0.0,0.0,0.0,0.0,0.0,0.0,0.0,0.0,0.0,0.0,0.0,0.0,0.0,0.0,0.0,0.0,0.0,0.0,0.0,0.0,0.0,0.0,0.0,0.0
PA1927,0.0,0.0,0.0,0.0,0.0,0.0,0.0,0.0,0.0,0.0,0.0,0.0,0.0,0.0,0.0,0.0,0.0,0.0,0.0,0.0,0.0,0.0,0.0,0.0,0.0,0.0,0.0,0.0,0.0,0.0,0.0,0.0,0.0,0.0,0.0,0.0,0.0,0.0,0.0,0.0,0.0
PA4811,0.0,0.0,0.0,0.0,0.0,363.7,439.6,267.766666666667,0.0,0.0,0.0,0.0,0.0,0.0,0.0,0.0,0.0,292.9,362.5,218.466666666667,271.0,273.4,305.9,283.433333333333,321.0,376.7,300.5,332.733333333333,0.0,0.0,0.0,0.0,0.0,0.0,0.0,0.0,0.0,0.0,0.0,0.0,3.8958962961363763
PA2397,0.0,0.0,0.0,0.0,0.0,211.1,176.6,129.233333333333,0.0,0.0,0.0,0.0,0.0,0.0,0.0,0.0,0.0,187.8,197.3,128.366666666667,239.4,174.8,202.3,205.5,186.2,203.7,356.9,248.933333333333,0.0,0.0,0.0,0.0,0.0,0.0,0.0,0.0,0.0,0.0,0.0,0.0,0.0
PA1616,0.0,0.0,0.0,0.0,0.0,0.0,0.0,0.0,0.0,0.0,0.0,0.0,0.0,0.0,0.0,0.0,0.0,0.0,0.0,0.0,0.0,0.0,0.0,0.0,0.0,0.0,0.0,0.0,0.0,0.0,0.0,0.0,0.0,0.0,0.0,0.0,0.0,0.0,0.0,0.0,0.0
PA2352,0.0,0.0,0.0,0.0,0.0,0.0,0.0,0.0,0.0,0.0,0.0,0.0,0.0,0.0,0.0,0.0,0.0,0.0,0.0,0.0,0.0,0.0,0.0,0.0,0.0,0.0,0.0,0.0,0.0,0.0,0.0,0.0,0.0,0.0,0.0,0.0,0.0,0.0,0.0,0.0,0.0
PA1183,0.0,0.0,0.0,0.0,0.0,227.0,199.5,142.166666666667,0.0,0.0,0.0,0.0,0.0,0.0,0.0,0.0,0.0,203.6,219.5,141.033333333333,181.7,190.1,176.8,182.866666666667,221.2,201.7,169.4,197.433333333333,0.0,0.0,0.0,0.0,0.0,0.0,0.0,0.0,0.0,0.0,0.0,0.0,644.2279414622627
PA3891,116.2,120.6,120.2,119.0,86.2,148.4,164.4,133.0,0.0,0.0,95.7,31.9,0.0,0.0,123.9,41.3,115.5,184.3,168.1,155.966666666667,214.8,214.3,194.7,207.933333333333,152.2,159.7,169.2,160.366666666667,106.5,44.6,118.9,90.0,0.0,0.0,0.0,0.0,0.0,0.0,0.0,0.0,0.0
PA0747,0.0,0.0,0.0,0.0,0.0,0.0,0.0,0.0,0.0,0.0,0.0,0.0,0.0,0.0,0.0,0.0,0.0,0.0,0.0,0.0,0.0,0.0,0.0,0.0,0.0,0.0,0.0,0.0,0.0,0.0,0.0,0.0,0.0,0.0,0.0,0.0,0.0,0.0,0.0,0.0,0.0
PA2081,0.0,0.0,0.0,0.0,0.0,0.0,0.0,0.0,0.0,0.0,0.0,0.0,0.0,0.0,0.0,0.0,0.0,0.0,0.0,0.0,0.0,0.0,0.0,0.0,0.0,0.0,0.0,0.0,0.0,0.0,0.0,0.0,0.0,0.0,0.0,0.0,0.0,0.0,0.0,0.0,0.0
PA1277,0.0,0.0,0.0,0.0,0.0,100.8,102.4,67.7333333333333,0.0,0.0,0.0,0.0,0.0,0.0,0.0,0.0,0.0,90.7,116.2,68.9666666666667,95.9,94.5,92.9,94.4333333333333,87.4,123.2,86.2,98.9333333333333,0.0,0.0,0.0,0.0,0.0,0.0,0.0,0.0,0.0,0.0,0.0,0.0,0.0
PA4506,0.0,0.0,0.0,0.0,0.0,0.0,0.0,0.0,0.0,0.0,0.0,0.0,0.0,0.0,0.0,0.0,0.0,0.0,0.0,0.0,0.0,0.0,0.0,0.0,0.0,0.0,0.0,0.0,0.0,0.0,0.0,0.0,0.0,0.0,0.0,0.0,0.0,0.0,0.0,0.0,0.0
PA4280,0.0,0.0,0.0,0.0,0.0,0.0,0.0,0.0,0.0,0.0,0.0,0.0,0.0,0.0,0.0,0.0,0.0,0.0,0.0,0.0,0.0,0.0,0.0,0.0,0.0,0.0,0.0,0.0,0.0,0.0,0.0,0.0,0.0,0.0,0.0,0.0,0.0,0.0,0.0,0.0,0.0
PA1174,0.0,0.0,0.0,0.0,0.0,0.0,0.0,0.0,0.0,0.0,0.0,0.0,0.0,0.0,0.0,0.0,0.0,0.0,0.0,0.0,0.0,0.0,0.0,0.0,0.0,0.0,0.0,0.0,0.0,0.0,0.0,0.0,0.0,0.0,0.0,0.0,0.0,0.0,0.0,0.0,9.999999999998712
PA1072,0.0,0.0,0.0,0.0,0.0,0.0,0.0,0.0,0.0,0.0,0.0,0.0,0.0,0.0,0.0,0.0,0.0,0.0,0.0,0.0,0.0,0.0,0.0,0.0,0.0,0.0,0.0,0.0,0.0,0.0,0.0,0.0,0.0,0.0,0.0,0.0,0.0,0.0,0.0,0.0,0.0
PA4664,0.0,0.0,0.0,0.0,0.0,0.0,0.0,0.0,0.0,0.0,0.0,0.0,0.0,0.0,0.0,0.0,0.0,0.0,0.0,0.0,0.0,0.0,0.0,0.0,0.0,0.0,0.0,0.0,0.0,0.0,0.0,0.0,0.0,0.0,0.0,0.0,0.0,0.0,0.0,0.0,0.0
PA2584,0.0,0.0,0.0,0.0,0.0,182.9,227.1,136.666666666667,0.0,0.0,0.0,0.0,0.0,0.0,0.0,0.0,0.0,196.0,205.0,133.666666666667,127.7,190.5,227.4,181.866666666667,182.3,199.8,211.5,197.866666666667,0.0,0.0,0.0,0.0,0.0,0.0,0.0,0.0,0.0,0.0,0.0,0.0,1.1931873687173675
PA5213,0.0,0.0,0.0,0.0,0.0,0.0,0.0,0.0,0.0,0.0,0.0,0.0,0.0,0.0,0.0,0.0,0.0,0.0,0.0,0.0,0.0,0.0,0.0,0.0,0.0,0.0,0.0,0.0,0.0,0.0,0.0,0.0,0.0,0.0,0.0,0.0,0.0,0.0,0.0,0.0,6.5607514187273015
PA2897,0.0,0.0,0.0,0.0,0.0,0.0,0.0,0.0,269.5,302.4,0.0,190.633333333333,338.6,284.2,0.0,207.6,0.0,0.0,0.0,0.0,0.0,0.0,0.0,0.0,0.0,0.0,0.0,0.0,0.0,0.0,0.0,0.0,293.1,35.1,265.4,197.866666666667,314.3,312.7,290.2,305.733333333333,0.0
PA3524,0.0,0.0,0.0,0.0,0.0,0.0,0.0,0.0,0.0,0.0,0.0,0.0,0.0,0.0,0.0,0.0,0.0,0.0,0.0,0.0,0.0,0.0,0.0,0.0,0.0,0.0,0.0,0.0,0.0,0.0,0.0,0.0,0.0,0.0,0.0,0.0,0.0,0.0,0.0,0.0,0.0
PA4628,0.0,0.0,0.0,0.0,0.0,0.0,0.0,0.0,0.0,0.0,0.0,0.0,0.0,0.0,0.0,0.0,0.0,0.0,0.0,0.0,0.0,0.0,0.0,0.0,0.0,0.0,0.0,0.0,0.0,0.0,0.0,0.0,0.0,0.0,0.0,0.0,0.0,0.0,0.0,0.0,2.9442086423114775
PA5009,0.0,0.0,0.0,0.0,0.0,67.5,82.4,49.9666666666667,0.0,0.0,0.0,0.0,0.0,0.0,0.0,0.0,0.0,71.2,48.9,40.0333333333333,63.8,51.1,56.3,57.0666666666667,60.6,63.1,61.5,61.7333333333333,0.0,0.0,0.0,0.0,0.0,0.0,0.0,0.0,0.0,0.0,0.0,0.0,0.0
PA3475,0.0,0.0,0.0,0.0,0.0,0.0,0.0,0.0,0.0,0.0,0.0,0.0,0.0,0.0,0.0,0.0,0.0,0.0,0.0,0.0,0.0,0.0,0.0,0.0,0.0,0.0,0.0,0.0,0.0,0.0,0.0,0.0,0.0,0.0,0.0,0.0,0.0,0.0,0.0,0.0,0.0
PA3459,0.0,0.0,0.0,0.0,0.0,36.7,46.9,27.8666666666667,0.0,0.0,0.0,0.0,0.0,0.0,0.0,0.0,0.0,49.0,35.3,28.1,21.2,28.5,46.1,31.9333333333333,49.8,43.9,50.3,48.0,0.0,0.0,0.0,0.0,0.0,0.0,0.0,0.0,0.0,0.0,0.0,0.0,1.37745243941936
PA1276,0.0,0.0,0.0,0.0,0.0,0.0,0.0,0.0,0.0,0.0,0.0,0.0,0.0,0.0,0.0,0.0,0.0,0.0,0.0,0.0,0.0,0.0,0.0,0.0,0.0,0.0,0.0,0.0,0.0,0.0,0.0,0.0,0.0,0.0,0.0,0.0,0.0,0.0,0.0,0.0,0.0
PA5236,0.0,0.0,0.0,0.0,0.0,280.4,219.6,166.666666666667,0.0,0.0,0.0,0.0,0.0,0.0,0.0,0.0,0.0,248.1,203.3,150.466666666667,266.5,216.2,256.4,246.366666666667,284.3,270.3,262.2,272.266666666667,0.0,0.0,0.0,0.0,0.0,0.0,0.0,0.0,0.0,0.0,0.0,0.0,0.001397932145348719
PA5206,0.0,0.0,0.0,0.0,0.0,0.0,0.0,0.0,0.0,0.0,0.0,0.0,0.0,0.0,0.0,0.0,0.0,0.0,0.0,0.0,0.0,0.0,0.0,0.0,0.0,0.0,0.0,0.0,0.0,0.0,0.0,0.0,0.0,0.0,0.0,0.0,0.0,0.0,0.0,0.0,14.697084199834169
PA2080,133.4,159.6,213.4,168.8,144.8,0.0,0.0,48.2666666666667,0.0,0.0,115.1,38.3666666666667,0.0,0.0,126.6,42.2,135.2,0.0,0.0,45.0666666666667,0.0,0.0,0.0,0.0,0.0,0.0,0.0,0.0,113.8,12.4,119.6,81.9333333333333,0.0,0.0,0.0,0.0,0.0,0.0,0.0,0.0,0.0
PA3234,244.5,365.0,431.9,347.133333333333,248.8,0.0,0.0,82.9333333333333,56.2,133.6,350.4,180.066666666667,100.6,110.3,264.3,158.4,273.3,0.0,0.0,91.1,0.0,0.0,0.0,0.0,0.0,0.0,0.0,0.0,198.9,1173.9,171.4,514.733333333334,137.3,17.2,121.5,92.0,93.3,57.6,100.8,83.9,24.3368093337311
PA5008,0.0,0.0,0.0,0.0,0.0,0.0,0.0,0.0,0.0,0.0,0.0,0.0,0.0,0.0,0.0,0.0,0.0,0.0,0.0,0.0,0.0,0.0,0.0,0.0,0.0,0.0,0.0,0.0,0.0,0.0,0.0,0.0,0.0,0.0,0.0,0.0,0.0,0.0,0.0,0.0,0.0
PA1809,194.6,170.8,184.2,183.2,186.7,0.0,0.0,62.2333333333333,120.4,176.5,133.0,143.3,217.6,183.6,244.4,215.2,244.6,0.0,0.0,81.5333333333333,0.0,0.0,0.0,0.0,0.0,0.0,0.0,0.0,224.9,16.5,209.3,150.233333333333,198.4,50.7,205.2,151.433333333333,229.6,205.6,136.7,190.633333333333,0.0
PA2408,0.0,0.0,0.0,0.0,0.0,0.0,0.0,0.0,400.8,379.8,0.0,260.2,497.7,526.4,0.0,341.366666666667,0.0,0.0,0.0,0.0,0.0,0.0,0.0,0.0,0.0,0.0,0.0,0.0,0.0,0.0,0.0,0.0,365.4,36.6,342.6,248.2,394.0,404.0,319.1,372.366666666667,0.0
PA4132,0.0,0.0,0.0,0.0,0.0,0.0,0.0,0.0,0.0,0.0,0.0,0.0,0.0,0.0,0.0,0.0,0.0,0.0,0.0,0.0,0.0,0.0,0.0,0.0,0.0,0.0,0.0,0.0,0.0,0.0,0.0,0.0,0.0,0.0,0.0,0.0,0.0,0.0,0.0,0.0,0.0
PA3887,0.0,0.0,0.0,0.0,0.0,0.0,0.0,0.0,0.0,0.0,0.0,0.0,0.0,0.0,0.0,0.0,0.0,0.0,0.0,0.0,0.0,0.0,0.0,0.0,0.0,0.0,0.0,0.0,0.0,0.0,0.0,0.0,0.0,0.0,0.0,0.0,0.0,0.0,0.0,0.0,43.60610576214177
PA3872,0.0,0.0,0.0,0.0,0.0,0.0,0.0,0.0,0.0,0.0,0.0,0.0,0.0,0.0,0.0,0.0,0.0,0.0,0.0,0.0,0.0,0.0,0.0,0.0,0.0,0.0,0.0,0.0,0.0,0.0,0.0,0.0,0.0,0.0,0.0,0.0,0.0,0.0,0.0,0.0,9.999999999998712
PA0501,0.0,0.0,0.0,0.0,0.0,122.0,128.6,83.5333333333333,0.0,0.0,0.0,0.0,0.0,0.0,0.0,0.0,0.0,107.1,116.6,74.5666666666667,74.1,113.8,112.4,100.1,135.8,143.6,109.3,129.566666666667,0.0,0.0,0.0,0.0,0.0,0.0,0.0,0.0,0.0,0.0,0.0,0.0,0.0
PA2649,0.0,0.0,0.0,0.0,0.0,0.0,0.0,0.0,0.0,0.0,0.0,0.0,0.0,0.0,0.0,0.0,0.0,0.0,0.0,0.0,0.0,0.0,0.0,0.0,0.0,0.0,0.0,0.0,0.0,0.0,0.0,0.0,0.0,0.0,0.0,0.0,0.0,0.0,0.0,0.0,80.75119569407249
PA2907,0.0,0.0,0.0,0.0,0.0,0.0,0.0,0.0,0.0,0.0,0.0,0.0,0.0,0.0,0.0,0.0,0.0,0.0,0.0,0.0,0.0,0.0,0.0,0.0,0.0,0.0,0.0,0.0,0.0,0.0,0.0,0.0,0.0,0.0,0.0,0.0,0.0,0.0,0.0,0.0,0.0
PA5368,0.0,0.0,0.0,0.0,0.0,0.0,0.0,0.0,0.0,0.0,0.0,0.0,0.0,0.0,0.0,0.0,0.0,0.0,0.0,0.0,0.0,0.0,0.0,0.0,0.0,0.0,0.0,0.0,0.0,0.0,0.0,0.0,0.0,0.0,0.0,0.0,0.0,0.0,0.0,0.0,175.92503497386124
PA1982,0.0,0.0,0.0,0.0,0.0,0.0,0.0,0.0,0.0,0.0,0.0,0.0,0.0,0.0,0.0,0.0,0.0,0.0,0.0,0.0,0.0,0.0,0.0,0.0,0.0,0.0,0.0,0.0,0.0,0.0,0.0,0.0,0.0,0.0,0.0,0.0,0.0,0.0,0.0,0.0,0.0
PA2002,0.0,0.0,0.0,0.0,0.0,0.0,0.0,0.0,163.5,213.2,0.0,125.566666666667,279.8,229.4,0.0,169.733333333333,0.0,0.0,0.0,0.0,0.0,0.0,0.0,0.0,0.0,0.0,0.0,0.0,0.0,0.0,0.0,0.0,304.7,53.3,279.5,212.5,272.2,322.3,300.4,298.3,0.0
PA1997,0.0,0.0,0.0,0.0,0.0,0.0,0.0,0.0,0.0,0.0,0.0,0.0,0.0,0.0,0.0,0.0,0.0,0.0,0.0,0.0,0.0,0.0,0.0,0.0,0.0,0.0,0.0,0.0,0.0,0.0,0.0,0.0,0.0,0.0,0.0,0.0,0.0,0.0,0.0,0.0,0.0
PA1808,0.0,0.0,0.0,0.0,0.0,0.0,0.0,0.0,0.0,0.0,0.0,0.0,0.0,0.0,0.0,0.0,0.0,0.0,0.0,0.0,0.0,0.0,0.0,0.0,0.0,0.0,0.0,0.0,0.0,0.0,0.0,0.0,0.0,0.0,0.0,0.0,0.0,0.0,0.0,0.0,0.0
PA3246,0.0,0.0,0.0,0.0,0.0,0.0,0.0,0.0,0.0,0.0,0.0,0.0,0.0,0.0,0.0,0.0,0.0,0.0,0.0,0.0,0.0,0.0,0.0,0.0,0.0,0.0,0.0,0.0,0.0,0.0,0.0,0.0,0.0,0.0,0.0,0.0,0.0,0.0,0.0,0.0,0.0
PA2948,374.9,383.5,458.8,405.733333333333,386.7,0.0,0.0,128.9,0.0,0.0,332.5,110.833333333333,0.0,0.0,313.3,104.433333333333,295.1,0.0,0.0,98.3666666666667,0.0,0.0,0.0,0.0,0.0,0.0,0.0,0.0,413.9,1554.4,191.1,719.8,0.0,0.0,0.0,0.0,0.0,0.0,0.0,0.0,0.0
PA2263,0.0,0.0,0.0,0.0,0.0,552.9,572.2,375.033333333333,220.5,120.5,0.0,113.666666666667,157.0,142.1,0.0,99.7,0.0,344.3,326.8,223.7,336.1,342.0,368.0,348.7,565.7,330.1,621.5,505.766666666667,0.0,0.0,0.0,0.0,169.3,28.9,133.8,110.666666666667,155.3,167.0,184.0,168.766666666667,141.80199057097957
PA1421,0.0,0.0,0.0,0.0,0.0,0.0,0.0,0.0,0.0,0.0,0.0,0.0,0.0,0.0,0.0,0.0,0.0,0.0,0.0,0.0,0.0,0.0,0.0,0.0,0.0,0.0,0.0,0.0,0.0,0.0,0.0,0.0,0.0,0.0,0.0,0.0,0.0,0.0,0.0,0.0,35.52734565830562
PA4217,0.0,0.0,0.0,0.0,0.0,0.0,0.0,0.0,0.0,0.0,0.0,0.0,0.0,0.0,0.0,0.0,0.0,0.0,0.0,0.0,0.0,0.0,0.0,0.0,0.0,0.0,0.0,0.0,0.0,0.0,0.0,0.0,0.0,0.0,0.0,0.0,0.0,0.0,0.0,0.0,0.0
PA2344,0.0,0.0,0.0,0.0,0.0,0.0,0.0,0.0,282.0,322.9,0.0,201.633333333333,294.1,344.4,0.0,212.833333333333,0.0,0.0,0.0,0.0,0.0,0.0,0.0,0.0,0.0,0.0,0.0,0.0,0.0,0.0,0.0,0.0,297.8,11.0,344.7,217.833333333333,376.7,286.2,380.7,347.866666666667,0.0
PA4330,0.0,0.0,0.0,0.0,0.0,0.0,0.0,0.0,0.0,0.0,0.0,0.0,0.0,0.0,0.0,0.0,0.0,0.0,0.0,0.0,0.0,0.0,0.0,0.0,0.0,0.0,0.0,0.0,0.0,0.0,0.0,0.0,0.0,0.0,0.0,0.0,0.0,0.0,0.0,0.0,0.0
PA4019,0.0,0.0,0.0,0.0,0.0,0.0,0.0,0.0,0.0,0.0,0.0,0.0,0.0,0.0,0.0,0.0,0.0,0.0,0.0,0.0,0.0,0.0,0.0,0.0,0.0,0.0,0.0,0.0,0.0,0.0,0.0,0.0,0.0,0.0,0.0,0.0,0.0,0.0,0.0,0.0,0.001397932145348719
PA4669,0.0,0.0,0.0,0.0,0.0,0.0,0.0,0.0,0.0,0.0,0.0,0.0,0.0,0.0,0.0,0.0,0.0,0.0,0.0,0.0,0.0,0.0,0.0,0.0,0.0,0.0,0.0,0.0,0.0,0.0,0.0,0.0,0.0,0.0,0.0,0.0,0.0,0.0,0.0,0.0,0.012581389308138468
PA0605,0.0,0.0,0.0,0.0,0.0,0.0,0.0,0.0,0.0,0.0,0.0,0.0,0.0,0.0,0.0,0.0,0.0,0.0,0.0,0.0,0.0,0.0,0.0,0.0,0.0,0.0,0.0,0.0,0.0,0.0,0.0,0.0,0.0,0.0,0.0,0.0,0.0,0.0,0.0,0.0,0.0
PA2906,0.0,0.0,0.0,0.0,0.0,0.0,0.0,0.0,0.0,0.0,0.0,0.0,0.0,0.0,0.0,0.0,0.0,0.0,0.0,0.0,0.0,0.0,0.0,0.0,0.0,0.0,0.0,0.0,0.0,0.0,0.0,0.0,0.0,0.0,0.0,0.0,0.0,0.0,0.0,0.0,0.0
PA3314,0.0,0.0,0.0,0.0,0.0,0.0,0.0,0.0,0.0,0.0,0.0,0.0,0.0,0.0,0.0,0.0,0.0,0.0,0.0,0.0,0.0,0.0,0.0,0.0,0.0,0.0,0.0,0.0,0.0,0.0,0.0,0.0,0.0,0.0,0.0,0.0,0.0,0.0,0.0,0.0,0.0
PA4976,0.0,0.0,0.0,0.0,0.0,0.0,0.0,0.0,0.0,0.0,0.0,0.0,0.0,0.0,0.0,0.0,0.0,0.0,0.0,0.0,0.0,0.0,0.0,0.0,0.0,0.0,0.0,0.0,0.0,0.0,0.0,0.0,0.0,0.0,0.0,0.0,0.0,0.0,0.0,0.0,5.021375715730368
PA4130,0.0,0.0,0.0,0.0,0.0,0.0,0.0,0.0,209.9,356.1,0.0,188.666666666667,247.6,273.2,0.0,173.6,0.0,0.0,0.0,0.0,0.0,0.0,0.0,0.0,0.0,0.0,0.0,0.0,0.0,0.0,0.0,0.0,284.9,81.3,315.0,227.066666666667,301.3,344.3,278.8,308.133333333333,0.0
PA5367,0.0,0.0,0.0,0.0,0.0,132.9,128.3,87.0666666666667,0.0,0.0,0.0,0.0,0.0,0.0,0.0,0.0,0.0,126.1,135.4,87.1666666666667,134.0,134.7,126.6,131.766666666667,142.7,129.7,130.9,134.433333333333,0.0,0.0,0.0,0.0,0.0,0.0,0.0,0.0,0.0,0.0,0.0,0.0,175.92503497386124
PA1726,0.0,0.0,0.0,0.0,0.0,331.6,313.3,214.966666666667,0.0,0.0,0.0,0.0,0.0,0.0,0.0,0.0,0.0,432.9,338.4,257.1,330.0,380.7,366.8,359.166666666667,337.7,344.7,432.7,371.7,0.0,0.0,0.0,0.0,0.0,0.0,0.0,0.0,0.0,0.0,0.0,0.0,0.0
PA0293,0.0,0.0,0.0,0.0,0.0,0.0,0.0,0.0,0.0,0.0,0.0,0.0,0.0,0.0,0.0,0.0,0.0,0.0,0.0,0.0,0.0,0.0,0.0,0.0,0.0,0.0,0.0,0.0,0.0,0.0,0.0,0.0,0.0,0.0,0.0,0.0,0.0,0.0,0.0,0.0,0.0
PA4502,0.0,0.0,0.0,0.0,0.0,198.6,177.5,125.366666666667,0.0,0.0,0.0,0.0,0.0,0.0,0.0,0.0,0.0,226.7,200.5,142.4,161.3,207.8,203.7,190.933333333333,217.2,188.0,167.9,191.033333333333,0.0,0.0,0.0,0.0,0.0,0.0,0.0,0.0,0.0,0.0,0.0,0.0,0.0
PA1124,0.0,0.0,0.0,0.0,0.0,151.2,159.8,103.666666666667,0.0,0.0,0.0,0.0,0.0,0.0,0.0,0.0,0.0,138.5,172.3,103.6,161.4,164.5,169.9,165.266666666667,146.5,160.5,135.9,147.633333333333,0.0,0.0,0.0,0.0,0.0,0.0,0.0,0.0,0.0,0.0,0.0,0.0,0.0
PA2981,0.0,0.0,0.0,0.0,0.0,0.0,0.0,0.0,0.0,0.0,0.0,0.0,0.0,0.0,0.0,0.0,0.0,0.0,0.0,0.0,0.0,0.0,0.0,0.0,0.0,0.0,0.0,0.0,0.0,0.0,0.0,0.0,0.0,0.0,0.0,0.0,0.0,0.0,0.0,0.0,0.3567942214573535
PA3941,0.0,0.0,0.0,0.0,0.0,0.0,0.0,0.0,0.0,0.0,0.0,0.0,0.0,0.0,0.0,0.0,0.0,0.0,0.0,0.0,0.0,0.0,0.0,0.0,0.0,0.0,0.0,0.0,0.0,0.0,0.0,0.0,0.0,0.0,0.0,0.0,0.0,0.0,0.0,0.0,0.0
PA0304,0.0,0.0,0.0,0.0,0.0,0.0,0.0,0.0,0.0,0.0,0.0,0.0,0.0,0.0,0.0,0.0,0.0,0.0,0.0,0.0,0.0,0.0,0.0,0.0,0.0,0.0,0.0,0.0,0.0,0.0,0.0,0.0,0.0,0.0,0.0,0.0,0.0,0.0,0.0,0.0,0.0
PA1950,0.0,0.0,0.0,0.0,0.0,0.0,0.0,0.0,0.0,0.0,0.0,0.0,0.0,0.0,0.0,0.0,0.0,0.0,0.0,0.0,0.0,0.0,0.0,0.0,0.0,0.0,0.0,0.0,0.0,0.0,0.0,0.0,0.0,0.0,0.0,0.0,0.0,0.0,0.0,0.0,0.004193796436046156
PA5067,0.0,0.0,0.0,0.0,0.0,65.2,65.7,43.6333333333333,0.0,0.0,0.0,0.0,0.0,0.0,0.0,0.0,0.0,47.9,54.0,33.9666666666667,53.3,55.6,57.6,55.5,62.5,47.4,50.1,53.3333333333333,0.0,0.0,0.0,0.0,0.0,0.0,0.0,0.0,0.0,0.0,0.0,0.0,0.0
PA2647,0.0,0.0,0.0,0.0,0.0,104.1,96.9,67.0,0.0,0.0,0.0,0.0,0.0,0.0,0.0,0.0,0.0,126.5,96.3,74.2666666666667,95.1,91.9,95.4,94.1333333333333,110.8,78.0,119.5,102.766666666667,0.0,0.0,0.0,0.0,0.0,0.0,0.0,0.0,0.0,0.0,0.0,0.0,80.75119569407249
PA0230,0.0,0.0,0.0,0.0,0.0,37.2,25.5,20.9,0.0,0.0,0.0,0.0,0.0,0.0,0.0,0.0,0.0,55.6,61.5,39.0333333333333,13.4,47.0,30.2,30.2,70.4,49.6,45.0,55.0,0.0,0.0,0.0,0.0,0.0,0.0,0.0,0.0,0.0,0.0,0.0,0.0,0.0
PA2557,0.0,0.0,0.0,0.0,0.0,0.0,0.0,0.0,0.0,0.0,0.0,0.0,0.0,0.0,0.0,0.0,0.0,0.0,0.0,0.0,0.0,0.0,0.0,0.0,0.0,0.0,0.0,0.0,0.0,0.0,0.0,0.0,0.0,0.0,0.0,0.0,0.0,0.0,0.0,0.0,0.0
PA2683,0.0,0.0,0.0,0.0,0.0,0.0,0.0,0.0,0.0,0.0,0.0,0.0,0.0,0.0,0.0,0.0,0.0,0.0,0.0,0.0,0.0,0.0,0.0,0.0,0.0,0.0,0.0,0.0,0.0,0.0,0.0,0.0,0.0,0.0,0.0,0.0,0.0,0.0,0.0,0.0,0.0
PA1900,0.0,0.0,0.0,0.0,0.0,0.0,0.0,0.0,0.0,0.0,0.0,0.0,0.0,0.0,0.0,0.0,0.0,0.0,0.0,0.0,0.0,0.0,0.0,0.0,0.0,0.0,0.0,0.0,0.0,0.0,0.0,0.0,0.0,0.0,0.0,0.0,0.0,0.0,0.0,0.0,0.0
PA2943,0.0,0.0,0.0,0.0,0.0,0.0,0.0,0.0,0.0,0.0,0.0,0.0,0.0,0.0,0.0,0.0,0.0,0.0,0.0,0.0,0.0,0.0,0.0,0.0,0.0,0.0,0.0,0.0,0.0,0.0,0.0,0.0,0.0,0.0,0.0,0.0,0.0,0.0,0.0,0.0,0.002795864290697532
PA5358,229.0,315.6,339.7,294.766666666667,235.8,0.0,0.0,78.6,0.0,0.0,276.2,92.0666666666667,0.0,0.0,289.1,96.3666666666667,302.6,0.0,0.0,100.866666666667,0.0,0.0,0.0,0.0,0.0,0.0,0.0,0.0,223.3,30.4,263.5,172.4,0.0,0.0,0.0,0.0,0.0,0.0,0.0,0.0,0.0013979321453487187
PA0608,0.0,0.0,0.0,0.0,0.0,0.0,0.0,0.0,0.0,0.0,0.0,0.0,0.0,0.0,0.0,0.0,0.0,0.0,0.0,0.0,0.0,0.0,0.0,0.0,0.0,0.0,0.0,0.0,0.0,0.0,0.0,0.0,0.0,0.0,0.0,0.0,0.0,0.0,0.0,0.0,0.0
PA1273,0.0,0.0,0.0,0.0,0.0,0.0,0.0,0.0,0.0,0.0,0.0,0.0,0.0,0.0,0.0,0.0,0.0,0.0,0.0,0.0,0.0,0.0,0.0,0.0,0.0,0.0,0.0,0.0,0.0,0.0,0.0,0.0,0.0,0.0,0.0,0.0,0.0,0.0,0.0,0.0,0.0
PA3739,0.0,0.0,0.0,0.0,0.0,581.0,459.4,346.8,0.0,0.0,0.0,0.0,0.0,0.0,0.0,0.0,0.0,564.4,512.2,358.866666666667,424.7,500.9,550.5,492.033333333333,579.6,476.2,509.7,521.833333333333,0.0,0.0,0.0,0.0,0.0,0.0,0.0,0.0,0.0,0.0,0.0,0.0,144.57831325301203
PA5439,0.0,0.0,0.0,0.0,0.0,0.0,0.0,0.0,0.0,0.0,0.0,0.0,0.0,0.0,0.0,0.0,0.0,0.0,0.0,0.0,0.0,0.0,0.0,0.0,0.0,0.0,0.0,0.0,0.0,0.0,0.0,0.0,0.0,0.0,0.0,0.0,0.0,0.0,0.0,0.0,245.71348634240235
PA0352,65.8,95.5,58.3,73.2,95.9,64.2,70.8,76.9666666666667,114.2,93.9,77.1,95.0666666666667,230.3,91.2,124.7,148.733333333333,94.8,65.3,80.1,80.0666666666667,113.1,78.2,78.5,89.9333333333333,53.7,53.9,53.6,53.7333333333333,89.0,180.8,144.9,138.233333333333,86.0,24.9,83.3,64.7333333333333,43.6,149.4,159.2,117.4,0.0
PA0890,0.0,0.0,0.0,0.0,0.0,0.0,0.0,0.0,0.0,0.0,0.0,0.0,0.0,0.0,0.0,0.0,0.0,0.0,0.0,0.0,0.0,0.0,0.0,0.0,0.0,0.0,0.0,0.0,0.0,0.0,0.0,0.0,0.0,0.0,0.0,0.0,0.0,0.0,0.0,0.0,0.0
PA4613,0.0,0.0,0.0,0.0,0.0,0.0,0.0,0.0,335.5,398.1,0.0,244.533333333333,250.9,282.2,0.0,177.7,0.0,0.0,0.0,0.0,0.0,0.0,0.0,0.0,0.0,0.0,0.0,0.0,0.0,0.0,0.0,0.0,276.6,23.7,254.9,185.066666666667,249.2,277.4,210.5,245.7,0.0
PA4123,0.0,0.0,0.0,0.0,0.0,0.0,0.0,0.0,0.0,0.0,0.0,0.0,0.0,0.0,0.0,0.0,0.0,0.0,0.0,0.0,0.0,0.0,0.0,0.0,0.0,0.0,0.0,0.0,0.0,0.0,0.0,0.0,0.0,0.0,0.0,0.0,0.0,0.0,0.0,0.0,0.0
PA3114,0.0,0.0,0.0,0.0,0.0,0.0,0.0,0.0,0.0,0.0,0.0,0.0,0.0,0.0,0.0,0.0,0.0,0.0,0.0,0.0,0.0,0.0,0.0,0.0,0.0,0.0,0.0,0.0,0.0,0.0,0.0,0.0,0.0,0.0,0.0,0.0,0.0,0.0,0.0,0.0,0.0
PA5021,0.0,0.0,0.0,0.0,0.0,0.0,0.0,0.0,334.9,278.6,0.0,204.5,343.0,374.3,0.0,239.1,0.0,0.0,0.0,0.0,0.0,0.0,0.0,0.0,0.0,0.0,0.0,0.0,0.0,0.0,0.0,0.0,351.3,52.4,329.8,244.5,283.8,439.4,358.3,360.5,188.1844190151538
PA2944,0.0,0.0,0.0,0.0,0.0,51.6,184.4,78.6666666666667,0.0,0.0,0.0,0.0,0.0,0.0,0.0,0.0,0.0,220.0,166.3,128.766666666667,80.6,75.9,103.7,86.7333333333333,74.9,69.5,81.2,75.2,0.0,0.0,0.0,0.0,0.0,0.0,0.0,0.0,0.0,0.0,0.0,0.0,0.0
PA1521,0.0,0.0,0.0,0.0,0.0,0.0,0.0,0.0,0.0,0.0,0.0,0.0,0.0,0.0,0.0,0.0,0.0,0.0,0.0,0.0,0.0,0.0,0.0,0.0,0.0,0.0,0.0,0.0,0.0,0.0,0.0,0.0,0.0,0.0,0.0,0.0,0.0,0.0,0.0,0.0,0.0
PA4204,0.0,0.0,0.0,0.0,0.0,0.0,0.0,0.0,0.0,0.0,0.0,0.0,0.0,0.0,0.0,0.0,0.0,0.0,0.0,0.0,0.0,0.0,0.0,0.0,0.0,0.0,0.0,0.0,0.0,0.0,0.0,0.0,0.0,0.0,0.0,0.0,0.0,0.0,0.0,0.0,0.0
PA4051,0.0,0.0,0.0,0.0,0.0,257.7,272.2,176.633333333333,0.0,0.0,0.0,0.0,0.0,0.0,0.0,0.0,0.0,230.5,219.3,149.933333333333,206.8,235.1,236.0,225.966666666667,325.2,296.8,297.2,306.4,0.0,0.0,0.0,0.0,0.0,0.0,0.0,0.0,0.0,0.0,0.0,0.0,0.0
PA3933,0.0,0.0,0.0,0.0,0.0,0.0,0.0,0.0,0.0,0.0,0.0,0.0,0.0,0.0,0.0,0.0,0.0,0.0,0.0,0.0,0.0,0.0,0.0,0.0,0.0,0.0,0.0,0.0,0.0,0.0,0.0,0.0,0.0,0.0,0.0,0.0,0.0,0.0,0.0,0.0,9.999999999999968
PA3217,0.0,0.0,0.0,0.0,0.0,0.0,0.0,0.0,0.0,0.0,0.0,0.0,0.0,0.0,0.0,0.0,0.0,0.0,0.0,0.0,0.0,0.0,0.0,0.0,0.0,0.0,0.0,0.0,0.0,0.0,0.0,0.0,0.0,0.0,0.0,0.0,0.0,0.0,0.0,0.0,0.0
PA3188,0.0,0.0,0.0,0.0,0.0,0.0,0.0,0.0,0.0,0.0,0.0,0.0,0.0,0.0,0.0,0.0,0.0,0.0,0.0,0.0,0.0,0.0,0.0,0.0,0.0,0.0,0.0,0.0,0.0,0.0,0.0,0.0,0.0,0.0,0.0,0.0,0.0,0.0,0.0,0.0,10.0
PA4647,0.0,0.0,0.0,0.0,0.0,0.0,0.0,0.0,0.0,0.0,0.0,0.0,0.0,0.0,0.0,0.0,0.0,0.0,0.0,0.0,0.0,0.0,0.0,0.0,0.0,0.0,0.0,0.0,0.0,0.0,0.0,0.0,0.0,0.0,0.0,0.0,0.0,0.0,0.0,0.0,0.0
PA5056,0.0,0.0,0.0,0.0,0.0,0.0,0.0,0.0,0.0,0.0,0.0,0.0,0.0,0.0,0.0,0.0,0.0,0.0,0.0,0.0,0.0,0.0,0.0,0.0,0.0,0.0,0.0,0.0,0.0,0.0,0.0,0.0,0.0,0.0,0.0,0.0,0.0,0.0,0.0,0.0,0.0
PA2648,0.0,0.0,0.0,0.0,0.0,0.0,0.0,0.0,0.0,0.0,0.0,0.0,0.0,0.0,0.0,0.0,0.0,0.0,0.0,0.0,0.0,0.0,0.0,0.0,0.0,0.0,0.0,0.0,0.0,0.0,0.0,0.0,0.0,0.0,0.0,0.0,0.0,0.0,0.0,0.0,80.75119569407249
PA2382,0.0,0.0,0.0,0.0,0.0,0.0,0.0,0.0,0.0,0.0,0.0,0.0,0.0,0.0,0.0,0.0,0.0,0.0,0.0,0.0,0.0,0.0,0.0,0.0,0.0,0.0,0.0,0.0,0.0,0.0,0.0,0.0,0.0,0.0,0.0,0.0,0.0,0.0,0.0,0.0,0.0
PA0889,0.0,0.0,0.0,0.0,0.0,0.0,0.0,0.0,0.0,0.0,0.0,0.0,0.0,0.0,0.0,0.0,0.0,0.0,0.0,0.0,0.0,0.0,0.0,0.0,0.0,0.0,0.0,0.0,0.0,0.0,0.0,0.0,0.0,0.0,0.0,0.0,0.0,0.0,0.0,0.0,0.0
PA2253,0.0,0.0,0.0,0.0,0.0,0.0,0.0,0.0,0.0,0.0,0.0,0.0,0.0,0.0,0.0,0.0,0.0,0.0,0.0,0.0,0.0,0.0,0.0,0.0,0.0,0.0,0.0,0.0,0.0,0.0,0.0,0.0,0.0,0.0,0.0,0.0,0.0,0.0,0.0,0.0,0.0
PA2913,0.0,0.0,0.0,0.0,0.0,0.0,0.0,0.0,0.0,0.0,0.0,0.0,0.0,0.0,0.0,0.0,0.0,0.0,0.0,0.0,0.0,0.0,0.0,0.0,0.0,0.0,0.0,0.0,0.0,0.0,0.0,0.0,0.0,0.0,0.0,0.0,0.0,0.0,0.0,0.0,0.0
PA4913,0.0,0.0,0.0,0.0,0.0,0.0,0.0,0.0,0.0,0.0,0.0,0.0,0.0,0.0,0.0,0.0,0.0,0.0,0.0,0.0,0.0,0.0,0.0,0.0,0.0,0.0,0.0,0.0,0.0,0.0,0.0,0.0,0.0,0.0,0.0,0.0,0.0,0.0,0.0,0.0,0.0
PA2912,0.0,0.0,0.0,0.0,0.0,0.0,0.0,0.0,0.0,0.0,0.0,0.0,0.0,0.0,0.0,0.0,0.0,0.0,0.0,0.0,0.0,0.0,0.0,0.0,0.0,0.0,0.0,0.0,0.0,0.0,0.0,0.0,0.0,0.0,0.0,0.0,0.0,0.0,0.0,0.0,0.0
PA3145,0.0,0.0,0.0,0.0,0.0,0.0,0.0,0.0,0.0,0.0,0.0,0.0,0.0,0.0,0.0,0.0,0.0,0.0,0.0,0.0,0.0,0.0,0.0,0.0,0.0,0.0,0.0,0.0,0.0,0.0,0.0,0.0,0.0,0.0,0.0,0.0,0.0,0.0,0.0,0.0,0.0
PA5297,0.0,0.0,0.0,0.0,0.0,0.0,0.0,0.0,0.0,0.0,0.0,0.0,0.0,0.0,0.0,0.0,0.0,0.0,0.0,0.0,0.0,0.0,0.0,0.0,0.0,0.0,0.0,0.0,0.0,0.0,0.0,0.0,0.0,0.0,0.0,0.0,0.0,0.0,0.0,0.0,0.0
PA3863,0.0,0.0,0.0,0.0,0.0,0.0,0.0,0.0,0.0,0.0,0.0,0.0,0.0,0.0,0.0,0.0,0.0,0.0,0.0,0.0,0.0,0.0,0.0,0.0,0.0,0.0,0.0,0.0,0.0,0.0,0.0,0.0,0.0,0.0,0.0,0.0,0.0,0.0,0.0,0.0,0.0
PA4486,0.0,0.0,0.0,0.0,0.0,0.0,0.0,0.0,0.0,0.0,0.0,0.0,0.0,0.0,0.0,0.0,0.0,0.0,0.0,0.0,0.0,0.0,0.0,0.0,0.0,0.0,0.0,0.0,0.0,0.0,0.0,0.0,0.0,0.0,0.0,0.0,0.0,0.0,0.0,0.0,0.0
PA1165,0.0,0.0,0.0,0.0,0.0,0.0,0.0,0.0,0.0,0.0,0.0,0.0,0.0,0.0,0.0,0.0,0.0,0.0,0.0,0.0,0.0,0.0,0.0,0.0,0.0,0.0,0.0,0.0,0.0,0.0,0.0,0.0,0.0,0.0,0.0,0.0,0.0,0.0,0.0,0.0,0.0
PA0582,0.0,0.0,0.0,0.0,0.0,0.0,0.0,0.0,0.0,0.0,0.0,0.0,0.0,0.0,0.0,0.0,0.0,0.0,0.0,0.0,0.0,0.0,0.0,0.0,0.0,0.0,0.0,0.0,0.0,0.0,0.0,0.0,0.0,0.0,0.0,0.0,0.0,0.0,0.0,0.0,0.0013979321453488137
PA2969,0.0,0.0,0.0,0.0,0.0,0.0,0.0,0.0,0.0,0.0,0.0,0.0,0.0,0.0,0.0,0.0,0.0,0.0,0.0,0.0,0.0,0.0,0.0,0.0,0.0,0.0,0.0,0.0,0.0,0.0,0.0,0.0,0.0,0.0,0.0,0.0,0.0,0.0,0.0,0.0,1.9004607929586759
PA0504,0.0,0.0,0.0,0.0,0.0,0.0,0.0,0.0,0.0,0.0,0.0,0.0,0.0,0.0,0.0,0.0,0.0,0.0,0.0,0.0,0.0,0.0,0.0,0.0,0.0,0.0,0.0,0.0,0.0,0.0,0.0,0.0,0.0,0.0,0.0,0.0,0.0,0.0,0.0,0.0,0.0
PA4975,0.0,0.0,0.0,0.0,0.0,261.3,261.6,174.3,0.0,0.0,0.0,0.0,0.0,0.0,0.0,0.0,0.0,339.2,392.9,244.033333333333,304.6,217.4,269.1,263.7,272.2,261.3,426.4,319.966666666667,0.0,0.0,0.0,0.0,0.0,0.0,0.0,0.0,0.0,0.0,0.0,0.0,0.0
PA5121,0.0,0.0,0.0,0.0,0.0,0.0,0.0,0.0,0.0,0.0,0.0,0.0,0.0,0.0,0.0,0.0,0.0,0.0,0.0,0.0,0.0,0.0,0.0,0.0,0.0,0.0,0.0,0.0,0.0,0.0,0.0,0.0,0.0,0.0,0.0,0.0,0.0,0.0,0.0,0.0,144.57831325301203
PA5452,0.0,0.0,0.0,0.0,0.0,210.7,258.7,156.466666666667,0.0,0.0,0.0,0.0,0.0,0.0,0.0,0.0,0.0,167.9,178.6,115.5,185.6,160.0,170.4,172.0,214.4,200.8,241.3,218.833333333333,0.0,0.0,0.0,0.0,0.0,0.0,0.0,0.0,0.0,0.0,0.0,0.0,0.0
PA1073,0.0,0.0,0.0,0.0,0.0,0.0,0.0,0.0,0.0,0.0,0.0,0.0,0.0,0.0,0.0,0.0,0.0,0.0,0.0,0.0,0.0,0.0,0.0,0.0,0.0,0.0,0.0,0.0,0.0,0.0,0.0,0.0,0.0,0.0,0.0,0.0,0.0,0.0,0.0,0.0,0.0
PA5259,0.0,0.0,0.0,0.0,0.0,0.0,0.0,0.0,0.0,0.0,0.0,0.0,0.0,0.0,0.0,0.0,0.0,0.0,0.0,0.0,0.0,0.0,0.0,0.0,0.0,0.0,0.0,0.0,0.0,0.0,0.0,0.0,0.0,0.0,0.0,0.0,0.0,0.0,0.0,0.0,0.0013979321453487185
PA1027,0.0,0.0,0.0,0.0,0.0,0.0,0.0,0.0,0.0,0.0,0.0,0.0,0.0,0.0,0.0,0.0,0.0,0.0,0.0,0.0,0.0,0.0,0.0,0.0,0.0,0.0,0.0,0.0,0.0,0.0,0.0,0.0,0.0,0.0,0.0,0.0,0.0,0.0,0.0,0.0,0.0
PA3418,0.0,0.0,0.0,0.0,0.0,147.8,184.5,110.766666666667,0.0,0.0,0.0,0.0,0.0,0.0,0.0,0.0,0.0,108.2,115.1,74.4333333333333,69.1,117.3,124.5,103.633333333333,146.8,143.7,142.3,144.266666666667,0.0,0.0,0.0,0.0,0.0,0.0,0.0,0.0,0.0,0.0,0.0,0.0,0.5245320995777464
PA4023,0.0,0.0,0.0,0.0,0.0,0.0,0.0,0.0,0.0,0.0,0.0,0.0,0.0,0.0,0.0,0.0,0.0,0.0,0.0,0.0,0.0,0.0,0.0,0.0,0.0,0.0,0.0,0.0,0.0,0.0,0.0,0.0,0.0,0.0,0.0,0.0,0.0,0.0,0.0,0.0,0.0
PA5377,0.0,0.0,0.0,0.0,0.0,0.0,0.0,0.0,0.0,0.0,0.0,0.0,0.0,0.0,0.0,0.0,0.0,0.0,0.0,0.0,0.0,0.0,0.0,0.0,0.0,0.0,0.0,0.0,0.0,0.0,0.0,0.0,0.0,0.0,0.0,0.0,0.0,0.0,0.0,0.0,0.0
PA5272,0.0,0.0,0.0,0.0,0.0,0.0,0.0,0.0,0.0,0.0,0.0,0.0,0.0,0.0,0.0,0.0,0.0,0.0,0.0,0.0,0.0,0.0,0.0,0.0,0.0,0.0,0.0,0.0,0.0,0.0,0.0,0.0,0.0,0.0,0.0,0.0,0.0,0.0,0.0,0.0,0.0
PA3461,0.0,0.0,0.0,0.0,0.0,0.0,0.0,0.0,0.0,0.0,0.0,0.0,0.0,0.0,0.0,0.0,0.0,0.0,0.0,0.0,0.0,0.0,0.0,0.0,0.0,0.0,0.0,0.0,0.0,0.0,0.0,0.0,0.0,0.0,0.0,0.0,0.0,0.0,0.0,0.0,10.0
PA1470,0.0,0.0,0.0,0.0,0.0,0.0,0.0,0.0,0.0,0.0,0.0,0.0,0.0,0.0,0.0,0.0,0.0,0.0,0.0,0.0,0.0,0.0,0.0,0.0,0.0,0.0,0.0,0.0,0.0,0.0,0.0,0.0,0.0,0.0,0.0,0.0,0.0,0.0,0.0,0.0,0.0
PA2531,0.0,0.0,0.0,0.0,0.0,0.0,0.0,0.0,0.0,0.0,0.0,0.0,0.0,0.0,0.0,0.0,0.0,0.0,0.0,0.0,0.0,0.0,0.0,0.0,0.0,0.0,0.0,0.0,0.0,0.0,0.0,0.0,0.0,0.0,0.0,0.0,0.0,0.0,0.0,0.0,0.0
PA1628,0.0,0.0,0.0,0.0,0.0,0.0,0.0,0.0,0.0,0.0,0.0,0.0,0.0,0.0,0.0,0.0,0.0,0.0,0.0,0.0,0.0,0.0,0.0,0.0,0.0,0.0,0.0,0.0,0.0,0.0,0.0,0.0,0.0,0.0,0.0,0.0,0.0,0.0,0.0,0.0,0.0
PA0583,0.0,0.0,0.0,0.0,0.0,0.0,0.0,0.0,0.0,0.0,0.0,0.0,0.0,0.0,0.0,0.0,0.0,0.0,0.0,0.0,0.0,0.0,0.0,0.0,0.0,0.0,0.0,0.0,0.0,0.0,0.0,0.0,0.0,0.0,0.0,0.0,0.0,0.0,0.0,0.0,0.0013979321453488137
PA5106,0.0,0.0,0.0,0.0,0.0,164.1,188.5,117.533333333333,0.0,0.0,0.0,0.0,0.0,0.0,0.0,0.0,0.0,161.3,149.6,103.633333333333,219.4,133.1,183.4,178.633333333333,174.0,193.7,194.0,187.233333333333,0.0,0.0,0.0,0.0,0.0,0.0,0.0,0.0,0.0,0.0,0.0,0.0,0.0
PA3877,0.0,0.0,0.0,0.0,0.0,0.0,0.0,0.0,0.0,0.0,0.0,0.0,0.0,0.0,0.0,0.0,0.0,0.0,0.0,0.0,0.0,0.0,0.0,0.0,0.0,0.0,0.0,0.0,0.0,0.0,0.0,0.0,0.0,0.0,0.0,0.0,0.0,0.0,0.0,0.0,19.999999999997424
PA4110,0.0,0.0,0.0,0.0,0.0,273.9,296.1,190.0,0.0,0.0,0.0,0.0,0.0,0.0,0.0,0.0,0.0,295.7,318.4,204.7,289.6,319.7,290.7,300.0,284.1,272.5,365.8,307.466666666667,0.0,0.0,0.0,0.0,0.0,0.0,0.0,0.0,0.0,0.0,0.0,0.0,0.0
PA2533,0.0,0.0,0.0,0.0,0.0,0.0,0.0,0.0,0.0,0.0,0.0,0.0,0.0,0.0,0.0,0.0,0.0,0.0,0.0,0.0,0.0,0.0,0.0,0.0,0.0,0.0,0.0,0.0,0.0,0.0,0.0,0.0,0.0,0.0,0.0,0.0,0.0,0.0,0.0,0.0,10.0
PA5094,0.0,0.0,0.0,0.0,0.0,0.0,0.0,0.0,0.0,0.0,0.0,0.0,0.0,0.0,0.0,0.0,0.0,0.0,0.0,0.0,0.0,0.0,0.0,0.0,0.0,0.0,0.0,0.0,0.0,0.0,0.0,0.0,0.0,0.0,0.0,0.0,0.0,0.0,0.0,0.0,0.0
PA0879,0.0,0.0,0.0,0.0,0.0,0.0,0.0,0.0,0.0,0.0,0.0,0.0,0.0,0.0,0.0,0.0,0.0,0.0,0.0,0.0,0.0,0.0,0.0,0.0,0.0,0.0,0.0,0.0,0.0,0.0,0.0,0.0,0.0,0.0,0.0,0.0,0.0,0.0,0.0,0.0,8.347811956055262
PA1947,0.0,0.0,0.0,0.0,0.0,0.0,0.0,0.0,0.0,0.0,0.0,0.0,0.0,0.0,0.0,0.0,0.0,0.0,0.0,0.0,0.0,0.0,0.0,0.0,0.0,0.0,0.0,0.0,0.0,0.0,0.0,0.0,0.0,0.0,0.0,0.0,0.0,0.0,0.0,0.0,0.0
PA1946,0.0,0.0,0.0,0.0,0.0,0.0,0.0,0.0,0.0,0.0,0.0,0.0,0.0,0.0,0.0,0.0,0.0,0.0,0.0,0.0,0.0,0.0,0.0,0.0,0.0,0.0,0.0,0.0,0.0,0.0,0.0,0.0,0.0,0.0,0.0,0.0,0.0,0.0,0.0,0.0,0.0
PA2194,0.0,0.0,0.0,0.0,0.0,0.0,0.0,0.0,133.4,167.7,0.0,100.366666666667,259.2,183.0,0.0,147.4,0.0,0.0,0.0,0.0,0.0,0.0,0.0,0.0,0.0,0.0,0.0,0.0,0.0,0.0,0.0,0.0,214.0,8.1,223.4,148.5,231.2,241.3,206.9,226.466666666667,0.0
PA4504,0.0,0.0,0.0,0.0,0.0,0.0,0.0,0.0,0.0,0.0,0.0,0.0,0.0,0.0,0.0,0.0,0.0,0.0,0.0,0.0,0.0,0.0,0.0,0.0,0.0,0.0,0.0,0.0,0.0,0.0,0.0,0.0,0.0,0.0,0.0,0.0,0.0,0.0,0.0,0.0,0.0
